id	제목	제안분류	확신도	구간정밀도	근거	비고
P10453	續續杞菊賦	인물(person)	37	14%	term	
P10454	孝悌賦	현달(prosper)	37	14%	term	
P10455	三字符賦	애상(sympathy)	43	27%	term	
P10456	安奇驛按此下七十一首。係己亥遊山錄。○四月十八日乙卯。發京指楓岳。宿安奇驛。是日。終風暮雨。此一首在丙辰。	유람(travel)	95	94%	title	
P10457	孤石亭丁巳	건물(structure)	95	94%	title	
P10458	循溪釣魚己未	한적(tranquility)	63	52%	title	
P10459	亡題 庚申	도화(picture)	63	52%	title	
P10460	次板上韻 辛酉	송별(farewell)	45	27%	term	
P10461	次板遣悶	애상(sympathy)	54	38%	term	
P10462	鄕人乞詩 癸亥	송별(farewell)	44	27%	term	
P10463	逢蔡大述甲子	송별(farewell)	59	38%	title, term	
P10464	通口驛縣 乙丑	유람(travel)	62	52%	title, term	
P10465	登斷髮嶺丁卯	산악(mountain)	42	27%	term	
P10466	又題	도화(picture)	62	52%	title	
P10467	鳴潭五月戊辰	산악(mountain)	20	16%	term	
P10468	又坐	유람(travel)	60	52%	term	
P10469	普賢庵	불교(buddhism)	50	38%	term	
P10470	香爐峯	변새(frontier)	50	38%	term	
P10471	奇奇庵	애상(sympathy)	52	38%	term	
P10472	修善庵	한적(tranquility)	39	14%	term	
P10473	普德窟己巳	애상(sympathy)	24	16%	term	
P10474	坐石	유람(travel)	42	27%	term	
P10475	和贈慧休庚午	기증(donate)	97	94%	title	
P10476	沙彌峯	천문(astro)	34	14%	term	
P10477	放光庵次韻 辛未	유람(travel)	38	14%	term	
P10478	三臺感興養仁臺，安心臺，開心臺。	건물(structure)	62	52%	title	
P10479	四庵臺吟 天眞臺庵，天德庵，妙德庵，圓通庵。庵邊有柏臺。	불교(buddhism)	44	27%	term	
P10480	須彌庵壬申	유람(travel)	42	27%	term	
P10481	暮入摩訶衍	유람(travel)	56	38%	title	
P10482	鴈門午飯 癸酉	동물(animal)	56	38%	title	
P10483	望海上鴈門岾	동물(animal)	78	82%	title	
P10484	次韻題環軸	도화(picture)	59	38%	title	
P10485	宿大藏巖	유람(travel)	88	94%	title	
P10486	繼祖窟	불교(buddhism)	69	52%	term	
P10487	上上開心庵	애상(sympathy)	34	14%	term	
P10488	九井峯有感 甲戌	애상(sympathy)	55	38%	title	
P10489	寂滅臺書	건물(structure)	52	38%	title	
P10490	佛貞庵	불교(buddhism)	58	38%	term	
P10491	臺上	건물(structure)	56	38%	title	
P10492	題峻上人卷 丙子	불교(buddhism)	58	38%	title, term	
P10493	又題	도화(picture)	63	52%	title	
P10494	楡岾寺	불교(buddhism)	52	38%	title	
P10495	次板韻贈祥長老	불교(buddhism)	40	27%	term	차운(제목 donate 무시)
P10496	跨馬	애상(sympathy)	47	27%	term	
P10497	復入長安寺	유람(travel)	54	38%	title	
P10498	拜岾	산악(mountain)	17	17%	term	
P10499	表訓寺讀書 己卯	불교(buddhism)	55	38%	title	
P10500	楓嶽三十韻 白頭山，東海，鐵嶺，毗盧峯，拜岾石，鷹峯，石馬峯，日出峯，月出峯，天燈峯，香爐峯，衆香城等名。	산악(mountain)	63	52%	title	
P10501	宿大松蘿庵	유람(travel)	95	94%	title	
P10502	正陽寺對月 甲申○戱言白有酒無山。予有山無酒。酒與山孰愈。	산악(mountain)	57	38%	title, term	
P10503	贈峻師乙酉	기증(donate)	97	94%	title	
P10504	次韻贈智峯	한적(tranquility)	38	14%	term	차운(제목 donate 무시)
P10505	次韻贈信戒 庚寅	기타(others)	38	14%	term	차운(제목 donate 무시)
P10506	贈靈隱二詩 壬辰	기증(donate)	97	94%	title	
P10507	贈靈隱二詩 壬辰 其二	기증(donate)	97	94%	title	
P10508	次韻贈智熙甲午	산악(mountain)	17	17%	term	차운(제목 donate 무시)
P10509	喜雨乙末	천문(astro)	61	52%	title	
P10510	贈道圓丙申	기증(donate)	97	94%	title	
P10511	普賢大書六月丁酉○官人且至。去上普賢庵。	불교(buddhism)	47	27%	term	
P10512	庵前有溪	한적(tranquility)	57	38%	term	
P10513	新浴 戊戌	송별(farewell)	23	16%	term	
P10514	還表訓	한적(tranquility)	38	14%	term	
P10515	五賢窟己亥	불교(buddhism)	21	16%	term	
P10516	利嚴窟	불교(buddhism)	24	16%	term	
P10517	望鶴 庚子	동물(animal)	57	38%	title	
P10518	復登金剛臺	건물(structure)	56	38%	title	
P10519	得家信	건물(structure)	55	38%	title	
P10520	馬上謔言 癸卯	회고(reminiscence)	38	14%	term	
P10521	復登斷髮嶺	애상(sympathy)	42	27%	term	
P10522	都叱所溪上	애상(sympathy)	62	52%	term	
P10523	昌道別從僧祖淡甲辰	송별(farewell)	68	52%	title	
P10524	萬歲橋 飯川秣橋宿安奇	유람(travel)	95	94%	title	
P10525	普濟院十一日丁未晴。午秣院。夕入城。○按遊山錄止此。	유람(travel)	73	82%	title, term	
P10526	仁宗大王挽詞二首○乙巳十月	애상(sympathy)	97	94%	title	
P10527	仁宗大王挽詞二首○乙巳十月 其二	애상(sympathy)	97	94%	title	
P10528	別舍弟	송별(farewell)	91	94%	title	
P10529	宿珠峴	유람(travel)	86	94%	title	
P10530	黑石吟	변새(frontier)	51	38%	term	악부/제영(확신↓)
P10531	口占	회방(meet)	17	17%	term	
P10532	水靑亭里夜坐	건물(structure)	95	94%	title	
P10533	憶弟	회고(reminiscence)	88	94%	title	
P10534	遠川按遠川利生院。俱先生祖塋所在。	도화(picture)	38	14%	term	
P10535	卒哭日	회고(reminiscence)	58	38%	term	
P10536	夢與弟遊戱	유람(travel)	77	82%	title	
P10537	鄕黨持酒取尉 十一月	유람(travel)	16	17%	term	
P10538	舍弟自京來會	애상(sympathy)	43	27%	term	
P10539	謁利生院時弟與俱	애상(sympathy)	42	27%	term	
P10540	偶成	기타(others)	73	82%	title	
P10541	至日掃墳遠川。示弟。四百字。	애상(sympathy)	45	27%	term	
P10542	中宗大王練日。在水落庵。十一月十五日	한적(tranquility)	38	14%	term	
P10543	宿上草幕。次南軒先生方廣寺韻。	유람(travel)	87	94%	title	
P10544	積水菴贈靈雲。二律。	기증(donate)	97	94%	title	
P10545	積水菴贈靈雲。二律。 其二	기증(donate)	97	94%	title	
P10546	思勁詩軸。讀休菴所賜次韻。慨然有感。輒復和題。	도화(picture)	57	38%	title	
P10547	衲思默披軸。示余丙申所題。繼有休菴賜次。詠之憮然。仍再和。遣且塞師求。	도화(picture)	57	38%	title	
P10548	題淸順軸	불교(buddhism)	46	27%	term	
P10549	慧洽。舊知也。乞詩甚苛。仍寄數語。	기증(donate)	84	94%	title	
P10550	家君生辰。在觀音寺。十二月	계절(season)	50	38%	title	
P10551	贈僧道全	기증(donate)	87	94%	title	
P10552	贈信明上人	기증(donate)	97	94%	title	
P10553	奉寄康君 三十韻	기증(donate)	82	94%	title	
P10554	出觀音寺示弟	불교(buddhism)	52	38%	title	
P10555	立春詠懷	계절(season)	62	52%	title	
P10556	臘月卄八日夜遣懷	애상(sympathy)	53	38%	title	
P10557	聞驅儺有感	애상(sympathy)	77	82%	title	
P10558	賦蘇軾三首○丙午正月	회방(meet)	37	14%	term	
P10559	賦蘇軾三首○丙午正月 其二	애상(sympathy)	36	14%	term	
P10560	賦蘇軾三首○丙午正月 其三	회방(meet)	52	38%	term	
P10561	別弟曉書	송별(farewell)	96	94%	title	
P10562	又贈無悔	기증(donate)	97	94%	title	
P10563	別無悔。醉後作。	송별(farewell)	97	94%	title	
P10564	弟行六夜。餘寒更劇。念而有作。	유람(travel)	60	52%	title, term	
P10565	遣興 五首○二月	한적(tranquility)	61	52%	title	
P10566	遣興 五首○二月 其二	한적(tranquility)	61	52%	title	
P10567	遣興 五首○二月 其三	한적(tranquility)	62	52%	title	
P10568	遣興 五首○二月 其四	애상(sympathy)	42	27%	term	
P10569	遣興 五首○二月 其五	한적(tranquility)	60	52%	title	
P10570	詠梅十二絶	식물(plant)	56	38%	title	
P10571	詠梅十二絶 其二	강해(water)	39	14%	term	
P10572	詠梅十二絶 其三	애상(sympathy)	46	27%	term	
P10573	詠梅十二絶 其四	식물(plant)	68	52%	title	
P10574	詠梅十二絶 其五	식물(plant)	58	38%	title	
P10575	詠梅十二絶 其六	식물(plant)	68	52%	title	
P10576	詠梅十二絶 其七	식물(plant)	53	38%	title	
P10577	詠梅十二絶 其八	식물(plant)	82	94%	title	
P10578	詠梅十二絶 其九	식물(plant)	68	52%	title	
P10579	詠梅十二絶 其十	애상(sympathy)	39	14%	term	
P10580	詠梅十二絶 其十一	식물(plant)	58	38%	title	
P10581	詠梅十二絶 其十二	한적(tranquility)	40	27%	term	
P10582	紅梅	식물(plant)	52	38%	title	
P10583	晩雨	천문(astro)	62	52%	title	
P10584	仁宗大王練日。隨家君在遠川廬。前冬○中宗練日有作。記吟慟甚。仍用其韻。敍兩朝之眷以自遣○按七月初一日也。	유람(travel)	60	52%	title	
P10585	謝紙贈元上人	기증(donate)	97	94%	title, term	
P10586	次韻答學敬勤意	회방(meet)	37	14%	term	
P10587	書恩重經後。僧玉蟾有請。	불교(buddhism)	89	94%	title	
P10588	發沙谷五首○十月	유람(travel)	91	94%	title	
P10589	藏巖	한적(tranquility)	41	27%	term	
P10590	兜率	애상(sympathy)	54	38%	term	
P10591	甆店	애상(sympathy)	25	16%	term	
P10592	黑石	천문(astro)	32	14%	term	
P10593	迎陪北堂泊金灘。灘上留宿。蓋有待也。時舍弟亦在。夜間口占。十一月	유람(travel)	82	94%	title	
P10594	宿仁山驛里。短述示弟無悔。	유람(travel)	90	94%	title	
P10595	奉寄金和叔公金時權句催科	기증(donate)	97	94%	title	
P10596	立春丁未正月	계절(season)	67	52%	title	
P10597	喜聞康元叔還自一善。聊短述二首錄奉。	애상(sympathy)	47	27%	term	
P10598	喜聞康元叔還自一善。聊短述二首錄奉。 其二	유람(travel)	64	52%	title	
P10599	元叔有約不至。仍寄短律。	기증(donate)	97	94%	title	
P10600	歲己亥。遊楓岳。僧祖淡從焉。別時有贈。今遠訪相示。爲之三歎。遂次其韻。	송별(farewell)	62	52%	title	차운(제목 donate 무시)
P10601	元叔誦慶老乙巳春之句。相與憮然。輒用其韻撥悶。按慶老。金禧年字。	송별(farewell)	45	27%	term	
P10602	是春。元叔同有和作。今再次韻寄懷。	강해(water)	41	27%	term	차운(제목 donate 무시)
P10603	是春。元叔同有和作。今再次韻寄懷。 其二	회고(reminiscence)	50	38%	title	차운(제목 donate 무시)
P10604	宅卿先君挽詞二月	애상(sympathy)	95	94%	title	
P10605	宿率面人家。阻雨一日。	유람(travel)	79	82%	title	
P10606	道望花山	산악(mountain)	56	38%	title	
P10607	暮樓	계절(season)	56	38%	title, term	
P10608	和寄還珠韻 按還珠。丁舍人熿號。	한적(tranquility)	38	14%	term	차운(제목 donate 무시)
P10609	庭前老梅。三月始葩。亦其土性風氣然也。三月	식물(plant)	53	38%	title	
P10610	漫興	한적(tranquility)	68	52%	title, term	
P10611	贈別	송별(farewell)	74	82%	title, term	제목보정
P10612	贈別 其二	송별(farewell)	74	82%	title, term	제목보정
P10613	閱德陽遺稿	회고(reminiscence)	49	27%	term	
P10614	寒食。在遠川。	계절(season)	60	52%	title, term	
P10615	觀宋史	애상(sympathy)	64	52%	term	
P10616	偶成	기타(others)	90	94%	title	
P10617	斷酒進退	애상(sympathy)	43	27%	term	
P10618	道中別舍弟 三月念後○按是時謫順天	송별(farewell)	89	94%	title, term	
P10619	追寄舍弟	기증(donate)	97	94%	title	
P10620	路逢衲法泉。自言省父歸山。	송별(farewell)	58	38%	title, term	
P10621	雲峯。謝金秀才。	기증(donate)	52	38%	title	
P10622	答寄舟川	기증(donate)	87	94%	title	
P10623	自吟	유람(travel)	58	38%	title	악부/제영(확신↓)
P10624	懷人 四月	애상(sympathy)	54	38%	term	
P10625	隣老來話	애상(sympathy)	56	38%	term	
P10626	杜鵑	애상(sympathy)	46	27%	term	
P10627	蜘蛛	애상(sympathy)	15	17%	term	
P10628	讀書	애상(sympathy)	50	38%	term	
P10629	讀書 其二	한적(tranquility)	38	14%	term	
P10630	贈李察訪	기증(donate)	97	94%	title	
P10631	坐有誦喚仙亭題韻者。感而和之。	건물(structure)	79	82%	title	
P10632	坐有誦喚仙亭題韻者。感而和之。 題喚仙亭圭庵	건물(structure)	79	82%	title	
P10633	坐有誦喚仙亭題韻者。感而和之。 題喚仙亭圭庵 其2	건물(structure)	79	82%	title	
P10634	坐有誦喚仙亭題韻者。感而和之。 次圭庵河西子	건물(structure)	70	82%	title	
P10635	口號	애상(sympathy)	42	27%	term	
P10636	謝成秀才。成時在府衙。	기증(donate)	50	38%	title	
P10637	芍藥花	애상(sympathy)	40	27%	term	
P10638	謝道岑	기증(donate)	56	38%	title	
P10639	得聘君書及妻信	불교(buddhism)	44	27%	term	
P10640	得聘君書及妻信 其二	애상(sympathy)	32	14%	term	
P10641	偶成 十韻	기타(others)	69	52%	title	
P10642	後二日有感復得百字	애상(sympathy)	62	52%	title	
P10643	有懷喚仙亭不到仍和前韻	건물(structure)	73	82%	title	
P10644	紀實	회고(reminiscence)	36	14%	term	
P10645	成世雲還。憑寄家書。	기증(donate)	94	94%	title	
P10646	得友人消息 後仍寄舟川	기증(donate)	97	94%	title	
P10647	謝薑西隣柳丈見惠 五月	기증(donate)	62	52%	title	
P10648	謝薑西隣柳丈見惠 五月 其二	기증(donate)	58	38%	title	
P10649	愁坐對客。呼韻輙書。	송별(farewell)	43	27%	term	
P10650	愁坐對客。呼韻輙書。 其二	산악(mountain)	15	17%	term	
P10651	愁坐對客。呼韻輙書。 其三	애상(sympathy)	51	38%	term	
P10652	端午日。兪張朱携酒來慰。	변새(frontier)	49	27%	term	
P10653	端午日。兪張朱携酒來慰。 其二	불교(buddhism)	44	27%	term	
P10654	酧友 陶谷	애상(sympathy)	43	27%	term	
P10655	酧友 陶谷 其二	송별(farewell)	17	17%	term	
P10656	喜雨。示兪軼。	천문(astro)	61	52%	title	
P10657	喜雨。示兪軼。 其二	천문(astro)	61	52%	title	
P10658	謫躡先生後。輒生悲感。情見乎詩。按寒暄金先生。初嘗謫此。	회고(reminiscence)	74	82%	term	
P10659	夜坐泣書。三律。	애상(sympathy)	66	52%	term	
P10660	夜坐泣書。三律。 其二	애상(sympathy)	31	14%	term	
P10661	夜坐泣書。三律。 其三	애상(sympathy)	41	27%	term	
P10662	屬病不赴隣邀。以詩謝之。六月	유람(travel)	52	38%	title	
P10663	大赦	변새(frontier)	58	38%	term	
P10664	大赦 其二	유람(travel)	23	16%	term	
P10665	夢與同志。講論傳註。覺輒記以短律。	계절(season)	15	17%	term	
P10666	久雨。憶家君之病。	회고(reminiscence)	56	38%	title	
P10667	次士炯韻	애상(sympathy)	49	27%	term	
P10668	挽崔廣文郊崔時染癘。卒死于校。	애상(sympathy)	97	94%	title, term	
P10669	次喚仙亭金厚之韻。贈李靈老。時赴李邀。置酒竹亭督賦。	건물(structure)	78	82%	title	차운(제목 donate 무시)
P10670	醉戱又贈	기증(donate)	97	94%	title	
P10671	別士炯。炯能記吾昔日之贈。輒用其韻。	송별(farewell)	94	94%	title	차운(제목 donate 무시)
P10672	有人請詠其亭。供韻亂草。卽滅。	건물(structure)	87	94%	title	
P10673	題定慧寺僧行靖軸中。用河西韻。	불교(buddhism)	82	94%	title	
P10674	苦雨書懷。韻盡乃罷。	애상(sympathy)	42	27%	term	
P10675	義是 七月	변새(frontier)	45	27%	term	
P10676	次古人韻。幷和其意。	계절(season)	22	16%	term	
P10677	十六夜。喚仙亭二首。次韻。	건물(structure)	93	94%	title	
P10678	十六夜。喚仙亭二首。次韻。 其二	건물(structure)	85	94%	title	
P10679	又飮靈老亭。次韻。	건물(structure)	93	94%	title	
P10680	又坐賃居之庭。令學子供韻。大醉放筆。十韻。	애상(sympathy)	26	16%	term	
P10681	家君付詩命次。製進	변새(frontier)	41	27%	term	
P10682	次韻贈成世準爲別。	송별(farewell)	80	94%	title	차운(제목 donate 무시)
P10683	水精葡萄。得顔字。醉草。	애상(sympathy)	50	38%	term	
P10684	暮歸僑堂	송별(farewell)	62	52%	title, term	
P10685	和古人韻 八月	애상(sympathy)	30	14%	term	
P10686	九魚歌	애상(sympathy)	62	52%	term	악부/제영(확신↓)
P10687	和沈豆韻	애상(sympathy)	54	38%	term	
P10688	醉贈南壽崑時南供韻	기증(donate)	97	94%	title	
P10689	聞笛次韻	송별(farewell)	41	27%	term	
P10690	十六夜。對月有感。二絶。	애상(sympathy)	79	82%	title, term	
P10691	十六夜。對月有感。二絶。 其二	애상(sympathy)	70	82%	title	
P10692	醉時率意放筆排悶 放一作縱	애상(sympathy)	32	14%	term	
P10693	戱倣章碣。示南壽崑。南和子九魚歌。因押質字韻來示。予遂戱之。	송별(farewell)	25	16%	term	
P10694	寄柳君 十韻○丁未八月	기증(donate)	97	94%	title	
P10695	昇平百韻	애상(sympathy)	50	38%	term	
P10696	復和兪子酬韻相示 九月	회고(reminiscence)	47	27%	term	
P10697	又用高字韻奉柳君	계절(season)	51	38%	term	
P10698	聞宣化樓韻。謾成。	변새(frontier)	52	38%	term	
P10699	題定慧僧雪乳軸。乳時重修古菴。	불교(buddhism)	79	82%	title, term	
P10700	題定慧僧雪乳軸。乳時重修古菴。 其二	불교(buddhism)	82	94%	title	
P10701	仁宗大王禫日	천문(astro)	17	17%	term	
P10702	咏柳君大橘。奉贈。按順詩止此	기증(donate)	97	94%	title	
P10703	道上。和沈豆韻酬別。按是時入島	송별(farewell)	95	94%	title	
P10704	道和韓士炯。閏九月○韓詩云。白日重雲外。昏鴉萬樹中。摻祛臨碧海。含淚灑秋風。	천문(astro)	50	38%	title	
P10705	過海。追和唐別駕韻。	송별(farewell)	77	82%	title	
P10706	過海。追和唐別駕韻。 其二	송별(farewell)	77	82%	title	
P10707	和碧波亭韻。抆淚書之。先錄二詩。	건물(structure)	85	94%	title	
P10708	和碧波亭韻。抆淚書之。先錄二詩。 其二	건물(structure)	91	94%	title	
P10709	和碧波亭韻。抆淚書之。先錄二詩。 其三	건물(structure)	88	94%	title	
P10710	示朴贇鶴。朴儒數訪。俄因事出海。送酒寄別。	송별(farewell)	65	52%	title	
P10711	追和草堂憶弟韻。錄留示無悔甫弟。二首。	회고(reminiscence)	53	38%	title	
P10712	追和草堂憶弟韻。錄留示無悔甫弟。二首。 其二	회고(reminiscence)	53	38%	title	
P10713	自挽	애상(sympathy)	84	94%	title	
P10714	疊前韻以反之	유람(travel)	24	16%	term	
P10715	偶吟 十月	천문(astro)	42	27%	term	
P10716	追和曾公景建寄西山先生 時貶道州挽晦庵先生二詩	기증(donate)	64	52%	title	
P10717	追和曾公景建寄西山先生 時貶道州挽晦庵先生二詩 其二	기증(donate)	64	52%	title	
P10718	淸晨櫛盥。靜坐書懷。錄留示無悔甫弟。臨絶耿耿。言不妄發。亦人窮反本之驗也。詩凡二十韻。	유람(travel)	78	82%	title	
P10719	朴和予韻來示。且勸酒。予復次贈。	도교(taoism)	36	14%	term	차운(제목 donate 무시)
P10720	和孤峯公咏月	송별(farewell)	38	14%	term	
P10721	和孤峯公咏月 其二	-(-)	0	0%		신호 없음
P10722	對燈謾興。二十四韻。	변새(frontier)	43	27%	term	
P10723	憶弟自悲	유람(travel)	53	38%	title	
P10724	獵東原	송별(farewell)	47	27%	term	
P10725	和池生韻	애상(sympathy)	38	14%	term	
P10726	和池生韻 其2	회방(meet)	25	16%	term	
P10727	和池生韻 其3	애상(sympathy)	62	52%	term	
P10728	和池生韻 其4	유람(travel)	43	27%	term	
P10729	至日有感。二首。十一月○朔日冬至	애상(sympathy)	65	52%	title, term	
P10730	至日有感。二首。十一月○朔日冬至 其二	애상(sympathy)	69	52%	title	
P10731	敢次朱夫子日用自警韻訣弟	유람(travel)	64	52%	title	
P10732	題釋戒恩軸中	도화(picture)	62	52%	title	
P10733	夜醉。示無悔秀夫。	한적(tranquility)	39	14%	term	
P10734	聞雞有感。雞時學鳴。	애상(sympathy)	66	52%	title	
P10735	聞仁仲出海向塞 按仁仲。柳眉巖希春字。	유람(travel)	73	82%	title	
P10736	別秀夫	송별(farewell)	97	94%	title	
P10737	風雨。念弟行泣書。	애상(sympathy)	47	27%	term	
P10738	立春	계절(season)	67	52%	title	
P10739	廿日雨甚。念無悔至泰仁李叔宅。	천문(astro)	73	82%	title	
P10740	謝朴贇鶴錄示 三十韻	애상(sympathy)	27	16%	term	
P10741	除夜二首	애상(sympathy)	37	14%	term	
P10742	除夜二首 其二	송별(farewell)	56	38%	term	
P10743	元日絶句 戊申正月○予今日得年卅口。故有未篇以戱。	애상(sympathy)	15	17%	term	
P10744	元日絶句 戊申正月○予今日得年卅口。故有未篇以戱。 其二	애상(sympathy)	58	38%	term	
P10745	有感	애상(sympathy)	59	38%	title	
P10746	人日獨坐	애상(sympathy)	38	14%	term	
P10747	三竹	애상(sympathy)	45	27%	term	
P10748	次韻冏玉夜飮	변새(frontier)	45	27%	term	
P10749	次韻冏玉二律。玉能言所住之勝。卽希夷山	산악(mountain)	55	38%	title	
P10750	次韻冏玉二律。玉能言所住之勝。卽希夷山 其二	산악(mountain)	52	38%	title	
P10751	食柑。次東坡韻。	한적(tranquility)	45	27%	term	
P10752	戱書	계절(season)	37	14%	term	
P10753	飮酒元城先生南遷。聞僧言瘴鄕已熱。不宜加酒。於是合家斷飮。十年無一患瘴者云。故念之有感。	불교(buddhism)	81	94%	title	
P10754	祖妣諱日。伏念家君未釋衰。不祭。守愼克愼各在南北。亦不敢焉。爲賦一篇。序其情而已。	변새(frontier)	42	27%	term	
P10755	夜坐卽事	기타(others)	79	82%	title	
P10756	夜坐卽事 其二	기타(others)	91	94%	title	
P10757	人有折梅相贈。對之興感。次東坡惠州村字韻。	송별(farewell)	40	27%	term	차운(제목 donate 무시)
P10758	再用前韻	애상(sympathy)	63	52%	term	
P10759	夜寒紀事	천문(astro)	25	16%	term	
P10760	奉寄舟川子。昔年嘗贈三百字。輒復拾其餘韻三十。爲寫相思。	기증(donate)	97	94%	title	
P10761	傳得春柏一枝。把翫久之。有作。	계절(season)	46	27%	term	
P10762	讀東坡故周茂叔先生濂溪詩。感嘆和韻。	애상(sympathy)	47	27%	term	
P10763	釋奠後校生分餕。醉吟二首。二月	계절(season)	59	38%	title	
P10764	一日。讀書忽念死迫親老。爲之憮然。情發不中。遂倣工部同谷歌。作八首。	유람(travel)	92	94%	title	
P10765	一日。讀書忽念死迫親老。爲之憮然。情發不中。遂倣工部同谷歌。作八首。 其二	유람(travel)	95	94%	title	
P10766	一日。讀書忽念死迫親老。爲之憮然。情發不中。遂倣工部同谷歌。作八首。 其三	유람(travel)	95	94%	title	
P10767	一日。讀書忽念死迫親老。爲之憮然。情發不中。遂倣工部同谷歌。作八首。 其四	유람(travel)	95	94%	title	
P10768	一日。讀書忽念死迫親老。爲之憮然。情發不中。遂倣工部同谷歌。作八首。 其五	유람(travel)	95	94%	title	
P10769	一日。讀書忽念死迫親老。爲之憮然。情發不中。遂倣工部同谷歌。作八首。 其六	유람(travel)	79	82%	title	
P10770	一日。讀書忽念死迫親老。爲之憮然。情發不中。遂倣工部同谷歌。作八首。 其七	유람(travel)	95	94%	title	
P10771	一日。讀書忽念死迫親老。爲之憮然。情發不中。遂倣工部同谷歌。作八首。 其八	유람(travel)	95	94%	title	
P10772	復題短律	도화(picture)	76	82%	title	
P10773	養雞已成。宜不失職。尾殺形瘁。天明。粗得咽唱一兩聲輒止。復用前韻。	애상(sympathy)	32	14%	term	
P10774	落日	애상(sympathy)	57	38%	term	
P10775	朴韓二生常來請學。以詩謝之。凡二十韻。	애상(sympathy)	56	38%	term	
P10776	食蕨	산악(mountain)	17	17%	term	
P10777	隣家餉酒一壺。微醺口號。	건물(structure)	54	38%	title	
P10778	夜讀 二首	애상(sympathy)	15	17%	term	
P10779	夜讀 二首 其二	한적(tranquility)	38	14%	term	
P10780	風花歎	천문(astro)	40	27%	term	
P10781	有懷元叔衣所寄衣。感而有作。欲以相示。後以書寄	기증(donate)	87	94%	title	
P10782	蠅	천문(astro)	29	16%	term	
P10783	鼷	불교(buddhism)	71	82%	term	
P10784	講院奴。名水石。得罪定屬是郡。晩聞予謫上謁。能陳院中事。且曰。小人役于宅。路甚慣云。豈吾爲官特久故耶。憮然紀之。	유람(travel)	66	52%	title, term	
P10785	無家對寒食。五首。以有淚如金波爲韻。	애상(sympathy)	43	27%	term	
P10786	無家對寒食。五首。以有淚如金波爲韻。 其二	계절(season)	59	38%	title, term	
P10787	無家對寒食。五首。以有淚如金波爲韻。 其三	계절(season)	62	52%	title, term	
P10788	無家對寒食。五首。以有淚如金波爲韻。 其四	계절(season)	59	38%	title, term	
P10789	無家對寒食。五首。以有淚如金波爲韻。 其五	계절(season)	59	38%	title, term	
P10790	卽事暮雨。奴還慰思。隣老來說。甲子而雨。今歲亦可占。嗟慮不已。予朝夕且死者也。仍錄以詩。	기타(others)	67	52%	title	
P10791	家君寄三絶句。仍命和進。	기증(donate)	96	94%	title	
P10792	家君寄三絶句。仍命和進。 其二	기증(donate)	96	94%	title	
P10793	家君寄三絶句。仍命和進。 其三	기증(donate)	96	94%	title	
P10794	祖考祥日。書懷。	애상(sympathy)	50	38%	term	
P10795	梨花	천문(astro)	17	17%	term	
P10796	謫居四味。四首。	식물(plant)	37	14%	term	
P10797	謫居四味。四首。 其二	애상(sympathy)	50	38%	term	
P10798	謫居四味。四首。 其三	애상(sympathy)	47	27%	term	
P10799	謫居四味。四首。 其四	애상(sympathy)	50	38%	term	
P10800	感興 三月	한적(tranquility)	39	14%	term	
P10801	飮醪口占書感。二首。	애상(sympathy)	50	38%	term	
P10802	飮醪口占書感。二首。 其二	유람(travel)	32	14%	term	
P10803	篋有韓金林相和近體一首。語意俱好。仍用其韻寄懷。	회고(reminiscence)	56	38%	title, term	차운(제목 donate 무시)
P10804	隣人持酒饌來慰。蓋上巳日也。	애상(sympathy)	19	17%	term	
P10805	寄舍弟 家君除衰之日。弟及來侍。守愼以罪獨在絶島。自念不孝。仍以此寄。	기증(donate)	87	94%	title	
P10806	次韻答舟川	애상(sympathy)	36	14%	term	
P10807	次韻答舟川 其二	애상(sympathy)	49	27%	term	
P10808	受聘君衲衣。仍用前韻。竝寄舟川。	애상(sympathy)	55	38%	term	차운(제목 donate 무시)
P10809	沃州二千言	애상(sympathy)	59	38%	term	
P10810	二十二日。謫向順天。今遇其日。感焉。	유람(travel)	79	82%	title	
P10811	卽事 二首	기타(others)	79	82%	title	
P10812	卽事 二首 其二	기타(others)	74	82%	title	
P10813	醉後亂書	식물(plant)	49	27%	term	
P10814	衲冏玉。以楓岳詩軸來。請和。	불교(buddhism)	42	27%	term	
P10815	玉又將仁仲詩相示。卽憮然書之。	애상(sympathy)	46	27%	term	
P10816	是日謫昇天。今年在珍島。遂和前韻。	강해(water)	78	82%	title	
P10817	祖考禫日四月	애상(sympathy)	60	52%	term	
P10818	道岬僧法崇。遠寄團扇二事。謝以短律。	기증(donate)	68	52%	title	
P10819	夜飮鄕校北。次韻。	식물(plant)	41	27%	term	
P10820	又用前韻	회방(meet)	23	16%	term	
P10821	朴生以大麥米醢物見餉。書一絶爲謝。	기증(donate)	85	94%	title	
P10822	端午有感。追和昇平之韻。五月	계절(season)	45	27%	term	
P10823	端午有感。追和昇平之韻。	(작업자 기입)	-	-	-	-
P10824	哭故相	(작업자 기입)	-	-	-	-
P10825	苦雨。次韻劉長卿負譴後登于越亭作。	(작업자 기입)	-	-	-	-
P10826	又和過賈誼宅韻	(작업자 기입)	-	-	-	-
P10827	靑橘	(작업자 기입)	-	-	-	-
P10828	家君寄詩二首。命和進。	(작업자 기입)	-	-	-	-
P10829	家君寄詩二首。命和進。	(작업자 기입)	-	-	-	-
P10830	寄舍弟鮑甲	(작업자 기입)	-	-	-	-
P10831	家君寄詩令和進	(작업자 기입)	-	-	-	-
P10832	家君寄詩令和進 其二	(작업자 기입)	-	-	-	-
P10833	寄舟川子	(작업자 기입)	-	-	-	-
P10834	別訓導權舜弼落考還鄕	(작업자 기입)	-	-	-	-
P10835	夏日歎	(작업자 기입)	-	-	-	-
P10836	夏夜歎	(작업자 기입)	-	-	-	-
P10837	仁宗大王諱日	(작업자 기입)	-	-	-	-
P10838	雨後	(작업자 기입)	-	-	-	-
P10839	七夕感興	(작업자 기입)	-	-	-	-
P10840	七夕感興	(작업자 기입)	-	-	-	-
P10841	七夕感興	(작업자 기입)	-	-	-	-
P10842	種菜	(작업자 기입)	-	-	-	-
P10843	新月	(작업자 기입)	-	-	-	-
P10844	寄舍弟	(작업자 기입)	-	-	-	-
P10845	對酒邀人	(작업자 기입)	-	-	-	-
P10846	夢泛海。誦東坡詩有感。覺和其韻。	(작업자 기입)	-	-	-	-
P10847	贈囚僧	(작업자 기입)	-	-	-	-
P10848	燕	(작업자 기입)	-	-	-	-
P10849	鵲	(작업자 기입)	-	-	-	-
P10850	烏	(작업자 기입)	-	-	-	-
P10851	蛬	(작업자 기입)	-	-	-	-
P10852	蟬	(작업자 기입)	-	-	-	-
P10853	螢	(작업자 기입)	-	-	-	-
P10854	蛙	-(-)	0	0%		신호 없음
P10855	蛇	(작업자 기입)	-	-	-	-
P10856	蟻	(작업자 기입)	-	-	-	-
P10857	元禮見訪。仍復邀之郡館。乃以詩謝之	(작업자 기입)	-	-	-	-
P10858	謝人惠鹽	(작업자 기입)	-	-	-	-
P10859	謝人惠炭	(작업자 기입)	-	-	-	-
P10860	釋奠後餕豚	(작업자 기입)	-	-	-	-
P10861	中秋有月。詠懷	(작업자 기입)	-	-	-	-
P10862	庭前甘菊移時晩。以靑蕊重陽不堪摘爲韻。對菊自歎。	(작업자 기입)	-	-	-	-
P10863	庭前甘菊移時晩。以靑蕊重陽不堪摘爲韻。對菊自歎。	(작업자 기입)	-	-	-	-
P10864	庭前甘菊移時晩。以靑蕊重陽不堪摘爲韻。對菊自歎。	(작업자 기입)	-	-	-	-
P10865	庭前甘菊移時晩。以靑蕊重陽不堪摘爲韻。對菊自歎。	(작업자 기입)	-	-	-	-
P10866	庭前甘菊移時晩。以靑蕊重陽不堪摘爲韻。對菊自歎。	(작업자 기입)	-	-	-	-
P10867	庭前甘菊移時晩。以靑蕊重陽不堪摘爲韻。對菊自歎。	(작업자 기입)	-	-	-	-
P10868	庭前甘菊移時晩。以靑蕊重陽不堪摘爲韻。對菊自歎。	(작업자 기입)	-	-	-	-
P10869	靑蘂重陽不堪摘。以庭前甘菊移時晩爲韻。代菊相解。	(작업자 기입)	-	-	-	-
P10870	靑蘂重陽不堪摘。以庭前甘菊移時晩爲韻。代菊相解。	(작업자 기입)	-	-	-	-
P10871	靑蘂重陽不堪摘。以庭前甘菊移時晩爲韻。代菊相解。	(작업자 기입)	-	-	-	-
P10872	靑蘂重陽不堪摘。以庭前甘菊移時晩爲韻。代菊相解。	(작업자 기입)	-	-	-	-
P10873	靑蘂重陽不堪摘。以庭前甘菊移時晩爲韻。代菊相解。	(작업자 기입)	-	-	-	-
P10874	靑蘂重陽不堪摘。以庭前甘菊移時晩爲韻。代菊相解。	(작업자 기입)	-	-	-	-
P10875	靑蘂重陽不堪摘。以庭前甘菊移時晩爲韻。代菊相解。	(작업자 기입)	-	-	-	-
P10876	謝徐訓導見訪	(작업자 기입)	-	-	-	-
P10877	次韻爲答	(작업자 기입)	-	-	-	-
P10878	再次韻約飮	(작업자 기입)	-	-	-	-
P10879	次韻。幷示朴贇鶴。嘲不飮。	(작업자 기입)	-	-	-	-
P10880	復次韻期朴同賞秋	(작업자 기입)	-	-	-	-
P10881	再用前韻詠楓示朴	애상(sympathy)	48	27%	term	
P10882	郡守開宴。卽席用舊韻。時姜萬戶徐敎授在坐	(작업자 기입)	-	-	-	-
P10883	醉次朴韻	(작업자 기입)	-	-	-	-
P10884	漁于蚕室。示同遊。別作一首。奉徐敎授。	(작업자 기입)	-	-	-	-
P10885	漁于蚕室。示同遊。別作一首。奉徐敎授	(작업자 기입)	-	-	-	-
P10886	同徐醉吟次韻	(작업자 기입)	-	-	-	-
P10887	從曹克仁索梅實	(작업자 기입)	-	-	-	-
P10888	隣翁餉酒。醉中作。	(작업자 기입)	-	-	-	-
P10889	夢遊彈琴臺。記用聘君韻寓懷。	(작업자 기입)	-	-	-	-
P10890	次韻閔朴二生	(작업자 기입)	-	-	-	-
P10891	族從房應賢遠訪。夜話時閔徐二生在坐	(작업자 기입)	-	-	-	-
P10892	大醉次韻示三子	(작업자 기입)	-	-	-	-
P10893	贈別俊夫	(작업자 기입)	-	-	-	-
P10894	醉次房韻復贈	(작업자 기입)	-	-	-	-
P10895	夜坐	(작업자 기입)	-	-	-	-
P10896	別閔誠徐友諒二子	(작업자 기입)	-	-	-	-
P10897	龍灘先生挽詞	(작업자 기입)	-	-	-	-
P10898	龍灘先生挽詞	(작업자 기입)	-	-	-	-
P10899	龍灘先生挽詞	(작업자 기입)	-	-	-	-
P10900	次韻河西	(작업자 기입)	-	-	-	-
P10901	次韻河西	(작업자 기입)	-	-	-	-
P10902	別士烱	(작업자 기입)	-	-	-	-
P10903	詠菊	(작업자 기입)	-	-	-	-
P10904	別秀夫二律。爲之永訣情見于辭	(작업자 기입)	-	-	-	-
P10905	別秀夫二律。爲之永訣情見于辭	(작업자 기입)	-	-	-	-
P10906	送徐敎授落考歸鄕次韻	(작업자 기입)	-	-	-	-
P10907	醉作。得破字書示閔生。凡三十韻。辭意不倫	(작업자 기입)	-	-	-	-
P10908	戱贈秀夫別	(작업자 기입)	-	-	-	-
P10909	曉坐	(작업자 기입)	-	-	-	-
P10910	讀聘君琴臺韻 涕泣再次	(작업자 기입)	-	-	-	-
P10911	十日 受聘君先生馬尾笠 夫人遠寄 以表聘君平生之情	(작업자 기입)	-	-	-	-
P10912	醉和金挺庸	(작업자 기입)	-	-	-	-
P10913	金閔二生 各有絶句 予不能無言 輒合其韻 爲進退格奉別	(작업자 기입)	-	-	-	-
P10914	舟川之死 籲天無從 夢見覺泣 遂用桓韻	(작업자 기입)	-	-	-	-
P10915	醉次閔生韻 奉別示懷	(작업자 기입)	-	-	-	-
P10916	無悔贈友二百言 予讀而悲之 輒綴語孟中語 次韻錄示	(작업자 기입)	-	-	-	-
P10917	別鄭尙	송별(farewell)	97	94%	title	
P10918	大醉 走筆唱十韻 時舍弟及二三生在坐	(작업자 기입)	-	-	-	-
P10919	又醉次韻	(작업자 기입)	-	-	-	-
P10920	醉贈曹朴兩生。復與無悔	(작업자 기입)	-	-	-	-
P10921	夢師友	(작업자 기입)	-	-	-	-
P10922	後數夜 復夢友	(작업자 기입)	-	-	-	-
P10923	同夜記夢	(작업자 기입)	-	-	-	-
P10924	和柳州別弟韻贈無悔 兼酧友人	(작업자 기입)	-	-	-	-
P10925	上一齋	(작업자 기입)	-	-	-	-
P10926	聘君練祭已過 泣而書之	유람(travel)	78	82%	title	
P10927	別弟後泥醉十餘日 遽起書懷 昏荒不卒章	(작업자 기입)	-	-	-	-
P10928	水營軍官裵挽詞	(작업자 기입)	-	-	-	-
P10929	水營軍官裵挽詞	(작업자 기입)	-	-	-	-
P10930	水營軍官裵挽詞	(작업자 기입)	-	-	-	-
P10931	次舍弟無悔韻 附秀夫寄	(작업자 기입)	-	-	-	-
P10932	次舍弟無悔韻 附秀夫寄	(작업자 기입)	-	-	-	-
P10933	次舍弟無悔韻 附秀夫寄	(작업자 기입)	-	-	-	-
P10934	次舍弟無悔韻 附秀夫寄	(작업자 기입)	-	-	-	-
P10935	次韻酬鄭和	(작업자 기입)	-	-	-	-
P10936	次韻詠茆亭	(작업자 기입)	-	-	-	-
P10937	夢舟川 泣次舊韻	(작업자 기입)	-	-	-	-
P10938	夢話	(작업자 기입)	-	-	-	-
P10939	漁川遊浦示曹克仁	(작업자 기입)	-	-	-	-
P10940	遙送張仲悌還京	(작업자 기입)	-	-	-	-
P10941	菊詩五百言	(작업자 기입)	-	-	-	-
P10942	次韻水積	(작업자 기입)	-	-	-	-
P10943	次韻水積	(작업자 기입)	-	-	-	-
P10944	醉睡 次韻送朴贇鶴命山 兼寄閔誠	(작업자 기입)	-	-	-	-
P10945	蛇退庵食豆腐	(작업자 기입)	-	-	-	-
P10946	服聘君先生羔裘 泣次舊韻	(작업자 기입)	-	-	-	-
P10947	集聘君先生寄書若干件作軸 泣書用舊韻	(작업자 기입)	-	-	-	-
P10948	先生祥後 哀閔之至情 發乎詞 仍及妻若友 復因舊韻	(작업자 기입)	-	-	-	-
P10949	先生祥後 哀閔之至情 發乎詞 仍及妻若友 復因舊韻	(작업자 기입)	-	-	-	-
P10950	先生祥後 哀閔之至情 發乎詞 仍及妻若友 復因舊韻	(작업자 기입)	-	-	-	-
P10951	立春祝詩	(작업자 기입)	-	-	-	-
P10952	醉草	(작업자 기입)	-	-	-	-
P10953	四季詩 戲示人	송별(farewell)	38	14%	term	
P10954	上巳 會鄕校東澗流杯臺次韻 醉書	(작업자 기입)	-	-	-	-
P10955	醉題巖石	(작업자 기입)	-	-	-	-
P10956	自挽	(작업자 기입)	-	-	-	-
P10957	題十益亭	(작업자 기입)	-	-	-	-
P10958	咏十益 盡掇古語以記	(작업자 기입)	-	-	-	-
P10959	咏十益 盡掇古語以記	(작업자 기입)	-	-	-	-
P10960	咏十益 盡掇古語以記	(작업자 기입)	-	-	-	-
P10961	咏十益 盡掇古語以記	(작업자 기입)	-	-	-	-
P10962	咏十益 盡掇古語以記	(작업자 기입)	-	-	-	-
P10963	咏十益 盡掇古語以記	(작업자 기입)	-	-	-	-
P10964	咏十益 盡掇古語以記	(작업자 기입)	-	-	-	-
P10965	咏十益 盡掇古語以記	(작업자 기입)	-	-	-	-
P10966	咏十益 盡掇古語以記	(작업자 기입)	-	-	-	-
P10967	咏十益 盡掇古語以記	(작업자 기입)	-	-	-	-
P10968	郡守挽詞	(작업자 기입)	-	-	-	-
P10969	郡守挽詞	(작업자 기입)	-	-	-	-
P10970	郡守挽詞	(작업자 기입)	-	-	-	-
P10971	郡守挽詞	(작업자 기입)	-	-	-	-
P10972	二十夜 懷友泣書	(작업자 기입)	-	-	-	-
P10973	庚申夜 病睡	(작업자 기입)	-	-	-	-
P10974	聘君先生諱日 病臥泣書 用舊韻	(작업자 기입)	-	-	-	-
P10975	聘君先生諱日 病臥泣書 用舊韻	(작업자 기입)	-	-	-	-
P10976	是夜 夢待聘君先生 先生爲人寫挽詞 未半 覺從橫幅 便止曰 汝可更圖以來 已而寤焉 和淚書記	애상(sympathy)	97	94%	title, term	
P10977	作同甲會 以伐木丁爲韻 予得木字
        	(작업자 기입)	-	-	-	-
P10978	朴贇鶴輪設庚會	(작업자 기입)	-	-	-	-
P10979	越五日甲午 予次設酌	(작업자 기입)	-	-	-	-
P10980	後數日 崔和示 予復再和爲戱	(작업자 기입)	-	-	-	-
P10981	祖妣諱日 愴然書之	(작업자 기입)	-	-	-	-
P10982	夜坐	(작업자 기입)	-	-	-	-
P10983	寄筆墨朴贇鶴用其韻	(작업자 기입)	-	-	-	-
P10984	幷寄鄭遇	(작업자 기입)	-	-	-	-
P10985	醉書二絶 與朴贇鶴 一以答其求 一以督其釀	(작업자 기입)	-	-	-	-
P10986	醉書二絶 與朴贇鶴 一以答其求 一以督其釀	(작업자 기입)	-	-	-	-
P10987	二月一日夜夢 予居某家 忽有人言先生自外至 予趨而迎諸門 望而哭之慟 先生亦哭 蓋爲一人之死也 哭未盡而人覺之 泣用舊韻	(작업자 기입)	-	-	-	-
P10988	光陽倅用酒饌相訪 席上次其韻	(작업자 기입)	-	-	-	-
P10989	次韻答金元福	(작업자 기입)	-	-	-	-
P10990	贈閔誠	(작업자 기입)	-	-	-	-
P10991	別無悔 泣書	(작업자 기입)	-	-	-	-
P10992	手寫陶詩數篇 仍書其後	(작업자 기입)	-	-	-	-
P10993	移居	(작업자 기입)	-	-	-	-
P10994	大雪	(작업자 기입)	-	-	-	-
P10995	夜讀檀弓	(작업자 기입)	-	-	-	-
P10996	前浦歸帆	(작업자 기입)	-	-	-	-
P10997	聘君先生諱日 齋居泣書	(작업자 기입)	-	-	-	-
P10998	雪月有感	(작업자 기입)	-	-	-	-
P10999	紙糊齋窓壁	(작업자 기입)	-	-	-	-
P11000	謝崔廣文送薪	(작업자 기입)	-	-	-	-
P11001	營茅三間 取一爲齋 輒扁曰穌 蓋本朱夫子所謂我讀我書 如病得穌云爾	(작업자 기입)	-	-	-	-
P11002	寒曉 自湯薏苡喫 讀書	(작업자 기입)	-	-	-	-
P11003	沽酒	(작업자 기입)	-	-	-	-
P11004	寒鳧	(작업자 기입)	-	-	-	-
P11005	口號	(작업자 기입)	-	-	-	-
P11006	誦杜陵畏人成小築 褊性合幽棲一聯 覺似爲今日道 遂用爲韻成十絶	-(-)	0	0%		신호 없음
P11007	誦杜陵畏人成小築 褊性合幽棲一聯 覺似爲今日道 遂用爲韻成十絶	(작업자 기입)	-	-	-	-
P11008	誦杜陵畏人成小築 褊性合幽棲一聯 覺似爲今日道 遂用爲韻成十絶	(작업자 기입)	-	-	-	-
P11009	誦杜陵畏人成小築 褊性合幽棲一聯 覺似爲今日道 遂用爲韻成十絶	(작업자 기입)	-	-	-	-
P11010	誦杜陵畏人成小築 褊性合幽棲一聯 覺似爲今日道 遂用爲韻成十絶	(작업자 기입)	-	-	-	-
P11011	誦杜陵畏人成小築 褊性合幽棲一聯 覺似爲今日道 遂用爲韻成十絶	(작업자 기입)	-	-	-	-
P11012	誦杜陵畏人成小築 褊性合幽棲一聯 覺似爲今日道 遂用爲韻成十絶	(작업자 기입)	-	-	-	-
P11013	誦杜陵畏人成小築 褊性合幽棲一聯 覺似爲今日道 遂用爲韻成十絶	(작업자 기입)	-	-	-	-
P11014	誦杜陵畏人成小築 褊性合幽棲一聯 覺似爲今日道 遂用爲韻成十絶	(작업자 기입)	-	-	-	-
P11015	誦杜陵畏人成小築 褊性合幽棲一聯 覺似爲今日道 遂用爲韻成十絶	(작업자 기입)	-	-	-	-
P11016	醒後	(작업자 기입)	-	-	-	-
P11017	郡守遽惠山猪脚	(작업자 기입)	-	-	-	-
P11018	除夕獨酌 有懷愴然	(작업자 기입)	-	-	-	-
P11019	元朝 自酌數瓢 放吟二律	(작업자 기입)	-	-	-	-
P11020	元朝 自酌數瓢 放吟二律	(작업자 기입)	-	-	-	-
P11021	人日	(작업자 기입)	-	-	-	-
P11022	始予登門 見孩奚壽千可愛 漸能將先生命 倏忽二十餘年 予囚海島 而先生易簀矣 今奉夫人命 報書于予 予怪其能遠行 問之 年已卄四云 悲歎久之 泣書近體	(작업자 기입)	-	-	-	-
P11023	立春題楣	(작업자 기입)	-	-	-	-
P11024	是日曉望	(작업자 기입)	-	-	-	-
P11025	苦寒 夜坐無燈 暗誦昌黎詩 次其韻記異 撥悶	(작업자 기입)	-	-	-	-
P11026	上元 聞遠近呼鬧 問之 曰占月而吉云 感而有作	(작업자 기입)	-	-	-	-
P11027	一夕 疊受北堂書二道 飮酒口占	(작업자 기입)	-	-	-	-
P11028	一夕 疊受北堂書二道 飮酒口占	(작업자 기입)	-	-	-	-
P11029	一夕 疊受北堂書二道 飮酒口占	(작업자 기입)	-	-	-	-
P11030	聞人欲寄投壺 以詩促之	(작업자 기입)	-	-	-	-
P11031	春雪	(작업자 기입)	-	-	-	-
P11032	醉吟	(작업자 기입)	-	-	-	-
P11033	二月寒	(작업자 기입)	-	-	-	-
P11034	釋奠前一日有感 書寄崔廣文 兼示同齋數子	기증(donate)	93	94%	title	
P11035	校生將奠餕酒肉來 與飮大醉 次韻寄崔廣文	(작업자 기입)	-	-	-	-
P11036	大醉 醒後戱題	(작업자 기입)	-	-	-	-
P11037	偶題	(작업자 기입)	-	-	-	-
P11038	有鼠	송별(farewell)	15	17%	term	
P11039	同居士蔡石山食豆腐唐洞草幕	(작업자 기입)	-	-	-	-
P11040	外大母祥日 泣書	(작업자 기입)	-	-	-	-
P11041	憶弟有感	(작업자 기입)	-	-	-	-
P11042	憶弟有感	(작업자 기입)	-	-	-	-
P11043	淸明	(작업자 기입)	-	-	-	-
P11044	贈別崔廣文	(작업자 기입)	-	-	-	-
P11045	送崔廣文席上 大醉戱題	(작업자 기입)	-	-	-	-
P11046	次韻子悅	(작업자 기입)	-	-	-	-
P11047	次韻安純彦醉吟	(작업자 기입)	-	-	-	-
P11048	大醉次韻示鄭生	(작업자 기입)	-	-	-	-
P11049	悶旱	(작업자 기입)	-	-	-	-
P11050	偶題遣興	(작업자 기입)	-	-	-	-
P11051	聞赦	(작업자 기입)	-	-	-	-
P11052	謝人送酒	(작업자 기입)	-	-	-	-
P11053	對曹克仁飮醉次韻	(작업자 기입)	-	-	-	-
P11054	池氏林亭燕集卽事	(작업자 기입)	-	-	-	-
P11055	是日 朴處良亦至 進杯索詩 次韻贈之	(작업자 기입)	-	-	-	-
P11056	鄭遇告歸其家 醉書寄其兄	(작업자 기입)	-	-	-	-
P11057	醉題十韻	(작업자 기입)	-	-	-	-
P11058	得舍弟信	(작업자 기입)	-	-	-	-
P11059	二十五日雨 喜用前韻	(작업자 기입)	-	-	-	-
P11060	二十九日雨足 悲喜書情	(작업자 기입)	-	-	-	-
P11061	舍弟無悔遇商舶之回 寄送獨尊四種君子盆一事 乘雨手植
        	(작업자 기입)	-	-	-	-
P11062	次韻答秀夫 兼示無悔德老	(작업자 기입)	-	-	-	-
P11063	無悔復寄炷香一束	(작업자 기입)	-	-	-	-
P11064	別孼叔父	(작업자 기입)	-	-	-	-
P11065	次韻陳約而	(작업자 기입)	-	-	-	-
P11066	次陳韻贈別	(작업자 기입)	-	-	-	-
P11067	飮餞十里	(작업자 기입)	-	-	-	-
P11068	遣興題校西楹	(작업자 기입)	-	-	-	-
P11069	又醉書校壁	(작업자 기입)	-	-	-	-
P11070	郡守被火鐵丸中肩 不出	(작업자 기입)	-	-	-	-
P11071	排悶	(작업자 기입)	-	-	-	-
P11072	乳燕	(작업자 기입)	-	-	-	-
P11073	乳燕	(작업자 기입)	-	-	-	-
P11074	郡守結棚二間 避予炎熱	(작업자 기입)	-	-	-	-
P11075	倭寇未息	(작업자 기입)	-	-	-	-
P11076	散愁二首	(작업자 기입)	-	-	-	-
P11077	散愁二首	(작업자 기입)	-	-	-	-
P11078	七夕汎艇	(작업자 기입)	-	-	-	-
P11079	中元有感	(작업자 기입)	-	-	-	-
P11080	鄕老會慰其守 合辭邀之 辭病不赴 仍寄一首	(작업자 기입)	-	-	-	-
P11081	齋居無事 感興下筆 十二韻	(작업자 기입)	-	-	-	-
P11082	送紙與朴贇鶴 書其背	(작업자 기입)	-	-	-	-
P11083	別席次韻醉贈	송별(farewell)	89	94%	title, term	차운(제목 donate 무시)
P11084	秋夜吟	(작업자 기입)	-	-	-	-
P11085	次韻醉題示鄭生	(작업자 기입)	-	-	-	-
P11086	復用分字	(작업자 기입)	-	-	-	-
P11087	次秀夫韻二首	(작업자 기입)	-	-	-	-
P11088	次秀夫韻二首	한적(tranquility)	48	27%	term	
P11089	寄南使君索麴	기증(donate)	97	94%	title	
P11090	又謝寄麥粉	(작업자 기입)	-	-	-	-
P11091	十四夜	(작업자 기입)	-	-	-	-
P11092	仲秋飮酒	(작업자 기입)	-	-	-	-
P11093	送主倅罷官還鄕 鄕與吾氷家同	(작업자 기입)	-	-	-	-
P11094	九日	(작업자 기입)	-	-	-	-
P11095	汎艇曉發夜歸 吟成二首	(작업자 기입)	-	-	-	-
P11096	汎艇曉發夜歸 吟成二首	(작업자 기입)	-	-	-	-
P11097	挽朴贇鵾繼祖母	(작업자 기입)	-	-	-	-
P11098	挽朴贇鵾繼祖母	(작업자 기입)	-	-	-	-
P11099	挽朴贇鵾繼祖母	(작업자 기입)	-	-	-	-
P11100	挽朴贇鵾繼祖母	(작업자 기입)	-	-	-	-
P11101	池進孫送柚子 池有三樹甚盛	(작업자 기입)	-	-	-	-
P11102	金公傳示厚之所贈詩。仍次其韻。以寓相思。	애상(sympathy)	41	27%	term	차운(제목 donate 무시)
P11103	獨遊三聖洞。五首。	유람(travel)	79	82%	title	
P11104	獨遊三聖洞。五首。 其二	유람(travel)	82	94%	title	
P11105	獨遊三聖洞。五首。 其三	유람(travel)	68	52%	title, term	
P11106	獨遊三聖洞。五首。 其四	유람(travel)	82	94%	title	
P11107	獨遊三聖洞。五首。 其五	유람(travel)	81	94%	title	
P11108	是夕。過李琚酌。醉歌。時琚自京初歸。	유람(travel)	67	52%	title	
P11109	漁于姑澤次韻	애상(sympathy)	52	38%	term	
P11110	南桃途中 十月○萬戶金水生邀遊中山	유람(travel)	97	94%	title	
P11111	次南桃鎭館板上訥齋先生韻	변새(frontier)	64	52%	title, term	
P11112	觀射革有感 時萬戶金水生善射。郡居裵世良年七十。亦能追配。	애상(sympathy)	51	38%	title	
P11113	贈萬戶	기증(donate)	97	94%	title	
P11114	頭疼詩八十五韻。備述疼狀以自遣。	유람(travel)	57	38%	title, term	
P11115	至日十一月	유람(travel)	23	16%	term	
P11116	口號題楹	도화(picture)	66	52%	title	
P11117	有由京至者。呈三色桃花。剪綵爲之。翼日。繼餉老梅兼作竹葉。索盆植之。便安于茅宇西壁。輒書 二首。	기증(donate)	86	94%	title	
P11118	有由京至者。呈三色桃花。剪綵爲之。翼日。繼餉老梅兼作竹葉。索盆植之。便安于茅宇西壁。輒書 二首。 其二	기증(donate)	89	94%	title	
P11119	夜中讀書。飮酒口號。	애상(sympathy)	55	38%	term	
P11120	悼鄭遇。遇母老在靈巖。益可悲也。	애상(sympathy)	80	94%	title	
P11121	次友人韻	한적(tranquility)	41	27%	term	
P11122	戱寄人 十二月	기증(donate)	95	94%	title	
P11123	復步前韻。寄答楓川。	기증(donate)	97	94%	title	
P11124	李景憲。同里閈也。來訪設酌贈詩。次韻謝之。	송별(farewell)	39	14%	term	차운(제목 donate 무시)
P11125	復次前韻。呈主倅。時李同主倅來訪	변새(frontier)	46	27%	term	차운(제목 donate 무시)
P11126	是日。復用初韻別李。	송별(farewell)	97	94%	title	
P11127	夜坐	애상(sympathy)	43	27%	term	
P11128	龍灘先生諱日。泣用舊韻。	애상(sympathy)	41	27%	term	
P11129	遣心 甲寅正月	건물(structure)	18	17%	term	
P11130	夜吟三篇	애상(sympathy)	26	16%	term	
P11131	夜吟三篇 其二	애상(sympathy)	35	14%	term	
P11132	夜吟三篇 其三	애상(sympathy)	32	14%	term	
P11133	奴還自京。悲喜相兼。漫筆言情。	유람(travel)	55	38%	title	
P11134	將守庚申。無酒可娛。讀書自遣。戱書八韻。	유람(travel)	62	52%	title, term	
P11135	聞郡守捕倭 二月	계절(season)	56	38%	title	
P11136	廿四夜。達朝不寐。涕泣口號。三月	애상(sympathy)	59	38%	term	
P11137	記夢	기몽(dream)	23	16%	term	
P11138	二奴病。幾死幸甦。是夕。得京書。四月	애상(sympathy)	56	38%	term	
P11139	占察山。示韓崇德	산악(mountain)	60	52%	title, term	
P11140	香木浦示韓	회고(reminiscence)	40	27%	term	
P11141	醉歌次韻 五月	계절(season)	36	14%	term	
P11142	醉席口占。贈主守罷歸。六月	기증(donate)	94	94%	title	
P11143	七夕遣心 七月	불교(buddhism)	49	27%	term	
P11144	池氏林亭燕集	건물(structure)	85	94%	title	
P11145	送金主簿歸京金水生自南桃萬戶遞。爲軍資主簿。	송별(farewell)	90	94%	title	
P11146	醉吟 入月○時聞學者釀熟。輒投飮大醉。	유람(travel)	58	38%	title	
P11147	梁山立携酒遠訪荒浦。大醉戱書。	산악(mountain)	55	38%	title	
P11148	與二生飮 九月	애상(sympathy)	22	16%	term	
P11149	又題	도화(picture)	68	52%	title	
P11150	觀林石川詩。次韻書之。	강해(water)	15	17%	term	
P11151	夢侍家君。顔色華豐。旣寤泣記。十月	건물(structure)	61	52%	title	
P11152	夜中偶成	기타(others)	90	94%	title	
P11153	穌齋凈訖	건물(structure)	56	38%	title	
P11154	挽鄭遇	애상(sympathy)	96	94%	title	
P11155	挽鄭遇 其2	애상(sympathy)	96	94%	title, term	
P11156	挽鄭遇 其3	애상(sympathy)	96	94%	title	
P11157	挽鄭遇 其4	애상(sympathy)	96	94%	title	
P11158	得姪女書。時年十二。悲喜相兼。遂作短句。十一月	불교(buddhism)	46	27%	term	
P11159	旣望夜坐	애상(sympathy)	23	16%	term	
P11160	曹判官重入海。相見。約來日更會。	유람(travel)	59	38%	title, term	
P11161	次判官韻	회고(reminiscence)	49	27%	term	
P11162	又次	변새(frontier)	45	27%	term	
P11163	再次贈別	송별(farewell)	74	82%	title, term	제목보정
P11164	冬至有感	애상(sympathy)	57	38%	title	
P11165	次韻十二月	계절(season)	58	38%	title	
P11166	次韻十二月 其二	계절(season)	58	38%	title, term	
P11167	龍灘先生諱日。泣用舊韻。	애상(sympathy)	37	14%	term	
P11168	贈別舍弟 乙卯四月	송별(farewell)	74	82%	title	제목보정
P11169	追送于嘉興縣嶺。復用前韻。	송별(farewell)	96	94%	title, term	
P11170	又至鹿津永訣	애상(sympathy)	43	27%	term	
P11171	入智力山。次簡齋韻。按此下四十七首。係乙卯避寇錄。○五月十三日。晴。倭寇先嘗達梁圍三日。垂陷。島人稍稍有出海者。予謂不可爲民望。且期郡守還鎭。夜報援兵已鏖。一城隨屠。賊且至矣。島中驚潰予艇前港檥素浦。未明。入智力山。	건물(structure)	58	38%	title	
P11172	宿素浦 十四日。晴。遞登冢頂偵賊。入夜露宿。	유람(travel)	94	94%	title	
P11173	望於蘭鎭 十五日。陰。暮雨。	변새(frontier)	58	38%	title, term	
P11174	到智力寺 十六日。陰。暮雨。夜投智力寺。懸燈少睡。神氣少穌。	유람(travel)	56	38%	title	
P11175	感歎 十八日。夕雨。萆山而望。靑煙四起。念主守棄城。甲兵倉廩。幾爲奸民所取盡。乃召僧玉靈池晉孫輩議。馳書座首金甕金盆吏朴溫等。願與會謀分守。且多爲疑兵。幸而沮少寇可矣。近此亦有一二村夫欲從者。此意何如。終不相報。良可慨而。	불교(buddhism)	89	94%	title	
P11176	決策出海 二十三日。奴叔介勸速出海。予謂賊鋒正銳。今住與行。安危等耳。顧不可坐受辱。汝言似也。	유람(travel)	56	38%	title	
P11177	宿黃原村舍 二十四日晴	유람(travel)	87	94%	title, term	
P11178	藤山渡 二十五日。晴。天未明。發行。詰朝。到藤山津。無船可渡。人皆危之。屬有持馘郵卒馳至。日晏。共船。裁報平安。寄郵卒。已而中流有船。相遇旣過。方疑而呼之。乃知貴，孫晩兩奴來尋也。已遠不得見。	유람(travel)	65	52%	title	
P11179	木浦	애상(sympathy)	51	38%	term	
P11180	古鐵金里	애상(sympathy)	43	27%	term	
P11181	過務安縣 二十六日。晴。曉行務安。路逢騎士。數輩弓矢而駐。相詰久之。乃去。午至縣。縣監崔遠決拾鞍馬。坐南門下少酌。請登樓。復設酒食。且餽行借馬。	유람(travel)	76	82%	title	
P11182	寓咸平縣館 暮抵咸平縣。縣監柳應斗出接敍舊。飮食衣服之。館于客館之西別室。	송별(farewell)	97	94%	title	
P11183	靈巖圍解 二十七日。晴。人皆曰。全州府尹李潤慶之力也。	건물(structure)	70	82%	title	
P11184	二奴追至。悲喜相兼 奴晩來。呈弟書。且曰。貴孫見拘務安。請行狀及書而去。夕與偕還。	기증(donate)	97	94%	title	
P11185	咸平。贈別縣監。二律。初六日。暮雨。發咸平。	송별(farewell)	75	82%	title	제목보정
P11186	咸平。贈別縣監。二律。初六日。暮雨。發咸平。 其二	송별(farewell)	75	82%	title	제목보정
P11187	到羅州城下 李禮悅致餽。尋復出見。○按悅卽李相浚慶子。時公(李浚慶)以都巡察使駐羅。	유람(travel)	65	52%	title, term	
P11188	憶弟口號 初七日。雨。不克行。	회고(reminiscence)	54	38%	title	
P11189	次光州城下 初入日。晴或雨。發錦城渡極樂津。驟雨。抵光城底。無悔出會。飮酒同被。	유람(travel)	91	94%	title, term	
P11190	次淳昌郡 初十日。晴或雨。謫人留劇州不便。不可以兄弟之好爲解。發行潭陽。夕次淳昌。郡守林薈出見。小酌。	유람(travel)	85	94%	title	
P11191	入剛泉寺 十二日微雨	천문(astro)	53	38%	title	
P11192	和金先生韻 十四日。陰同年薛瑭來訪。公有和金韻。	회방(meet)	65	52%	title	
P11193	偶題 十五日陰	기타(others)	60	52%	title	
P11194	尋峻上人房不遇。畫其瓦。十六日雨	불교(buddhism)	54	38%	title, term	
P11195	寶訓軸中。有河西韻。次贈。十七日雨	기증(donate)	97	94%	title	
P11196	贈徐鳳趙珽 十八日雨	기증(donate)	97	94%	title	
P11197	同年薛瑭宅醉書 二十一日。晴。被薛邀。踰懽喜岾十餘里。旣至飮。酒。侑以琴歌。將暝乃行。指玉果。	유람(travel)	81	94%	title	
P11198	證心寺。贈祖禪 二十五日。晴。不使久於城。乃尋寺。無悔同宿。	기증(donate)	87	94%	title	
P11199	醉別無悔 二十八日	송별(farewell)	97	94%	title, term	
P11200	過鐵浦。登徐友諒松榭。七月初三日。晴。曉發飯浦前。友諒遣僮相邀。坐亭酒食。又贐行。	유람(travel)	69	52%	title	
P11201	靈巖。贈井邑縣監。李允良○初入日。晴。井邑索詩甚急。夕共子靜寢。	기증(donate)	97	94%	title	
P11202	贈洪致文 初九日晴	기증(donate)	97	94%	title	
P11203	贈柳某。疊前韻。	기증(donate)	97	94%	title	
P11204	洪致文請賦紫薇。醉書。	강해(water)	47	27%	term	
P11205	登道岬寺。次韻子靜。十一日。晴。與子靜上是寺。寺甚輪奐。靜邀崔慶昌來。飮其酒。同宿。	유람(travel)	89	94%	title	
P11206	月夜。寺門聽杜宇。李崔請賦。	애상(sympathy)	48	27%	term	
P11207	題克浩軸。次六峯先生韻。	도화(picture)	59	38%	title	
P11208	惠遠軸有六峯先生韻。次贈。	기증(donate)	97	94%	title	
P11209	石橋院。贈景仁。尹剛元○十二日。晴已與崔別。同靜至院仁已先到。鼎坐共宿。	기증(donate)	82	94%	title	
P11210	邊 海南 協索詩。贈二律。十五日晴	기증(donate)	97	94%	title	
P11211	邊 海南 協索詩。贈二律。十五日晴 其二	기증(donate)	97	94%	title	
P11212	子靜責無贈。遂次前韻。	회고(reminiscence)	41	27%	term	차운(제목 donate 무시)
P11213	子靜責無贈。遂次前韻。 其二	천문(astro)	21	16%	term	차운(제목 donate 무시)
P11214	次韻季眞寄贈 眞次吾詩贈。仍復次云。	애상(sympathy)	38	14%	term	차운(제목 donate 무시)
P11215	宿三村社倉 十六日。晴別靜。夕到社倉。	송별(farewell)	65	52%	title	
P11216	戱示尹坦之 十七日。凍雨坦之來。請遊百松亭。漁銀唇。	건물(structure)	70	82%	title	
P11217	題碧波亭楹 十九日。晴。行憩赤良院利涉。飯其亭。獨酌。○按避寇錄止此	건물(structure)	79	82%	title	
P11218	珍島感事四十韻 七月	강해(water)	55	38%	title	
P11219	崔正字慶昌携酒相看時患痁戒酒	불교(buddhism)	53	38%	term	
P11220	正字誦靜詩。次韻贈之。	애상(sympathy)	52	38%	term	차운(제목 donate 무시)
P11221	觀鷹有感十月○後寄景仁	기증(donate)	82	94%	title	
P11222	飮鄕校。次韓崇德。	변새(frontier)	36	14%	term	
P11223	大醉。被主倅督賦。賦以戱之。十一月	회고(reminiscence)	45	27%	term	
P11224	又呼韻苛徵	현달(prosper)	45	27%	term	
P11225	十三夜。高坐觀書。百慮紛然。信筆書之。凡七首。十二月	계절(season)	59	38%	title, term	
P11226	十三夜。高坐觀書。百慮紛然。信筆書之。凡七首。十二月 其二	계절(season)	56	38%	title	
P11227	十三夜。高坐觀書。百慮紛然。信筆書之。凡七首。十二月 其三	계절(season)	70	82%	title	
P11228	十三夜。高坐觀書。百慮紛然。信筆書之。凡七首。十二月 其四	계절(season)	59	38%	title	
P11229	十三夜。高坐觀書。百慮紛然。信筆書之。凡七首。十二月 其五	계절(season)	63	52%	title	
P11230	十三夜。高坐觀書。百慮紛然。信筆書之。凡七首。十二月 其六	계절(season)	70	82%	title	
P11231	十三夜。高坐觀書。百慮紛然。信筆書之。凡七首。十二月 其七	계절(season)	61	52%	title	
P11232	醉贈金訓導瑀 丙辰七月	기증(donate)	97	94%	title	
P11233	又大醉次韻	회방(meet)	38	14%	term	
P11234	贈別宋訓導士琛 入月	송별(farewell)	75	82%	title	제목보정
P11235	送孼叔父歸商山 九月	송별(farewell)	97	94%	title	
P11236	贈 (崔益謙)。時飮斜川。十月	기증(donate)	97	94%	title	
P11237	又題	도화(picture)	63	52%	title	
P11238	朴宣邀食豆腐于唐洞菴	불교(buddhism)	51	38%	title	
P11239	題唐洞庵楹	도화(picture)	61	52%	title	
P11240	酧寄河西	기증(donate)	81	94%	title	
P11241	酧寄河西 其2	기증(donate)	97	94%	title	
P11242	酧寄河西 其3	기증(donate)	97	94%	title	
P11243	酧寄河西 其4	기증(donate)	79	82%	title	
P11244	酧寄河西 其5	기증(donate)	97	94%	title	
P11245	酧寄河西 其6	기증(donate)	97	94%	title	
P11246	酧寄河西 其7	기증(donate)	97	94%	title	
P11247	酧寄河西 其8	기증(donate)	97	94%	title	
P11248	酧寄河西 其9	기증(donate)	97	94%	title	
P11249	酧寄河西 其10	기증(donate)	97	94%	title	
P11250	酧寄河西 其11	기증(donate)	97	94%	title	
P11251	酧寄河西 其12	기증(donate)	93	94%	title	
P11252	酧寄河西 其13	기증(donate)	97	94%	title	
P11253	病後宋士琛相訪。醉中題贈。十一月	기증(donate)	97	94%	title	
P11254	點馬權同年來訪 予先醉倒。明日寄此。	기증(donate)	95	94%	title	
P11255	復用前韻答之	애상(sympathy)	32	14%	term	
P11256	宋曹二上舍携酒見訪。大醉題贈。十二月	기증(donate)	97	94%	title	
P11257	金陵宰見餉四件。詩以謝之。宰喩以同派之意	기증(donate)	53	38%	title	
P11258	歲暮戱題	도화(picture)	61	52%	title	
P11259	除夜泣書 新舊歲爲丙辰丁巳。而兩老生年遇之。感悶涕泣。情發乎言。	유람(travel)	95	94%	title	
P11260	李上舍以詩邀之。次其韻。丁巳二月	계절(season)	55	38%	title	
P11261	飮李邸。次韻。	회고(reminiscence)	56	38%	term	
P11262	李復索詩甚急。聊題近體。	도화(picture)	67	52%	title	
P11263	遣奴得萱堂愆候復常。口占記之。三月	건물(structure)	65	52%	title	
P11264	贈別浣溪	송별(farewell)	73	82%	title, term	제목보정
P11265	追餞次韻戱之	유람(travel)	44	27%	term	
P11266	文益世來請學。輒書四韻謝遺。十一月	변새(frontier)	41	27%	term	
P11267	題智訔軸中。訔蓋楓岳舊也。戊午正月	도화(picture)	62	52%	title	
P11268	和柳承霽官池鎩翮雁十五韻。今增兩句。以諧聲律。	천문(astro)	22	16%	term	
P11269	次惠遠韻 時從話于淸涼庵	회고(reminiscence)	45	27%	term	
P11270	別遠上人	송별(farewell)	96	94%	title	
P11271	寄題尹上舍 衖 溪亭二首 二月	기증(donate)	68	52%	title	
P11272	寄題尹上舍 衖 溪亭二首 二月 其二	기증(donate)	68	52%	title	
P11273	別柳承霽次韻 三月	송별(farewell)	97	94%	title	
P11274	鵬叔氏來自京。留八日。還化寧。	유람(travel)	69	52%	title	
P11275	哭權直學 五月○按權容字公擇	회고(reminiscence)	40	27%	term	
P11276	哭權直學 五月○按權容字公擇 其二	애상(sympathy)	36	14%	term	
P11277	寄海南宰 尹恬○予苦無從覓麴。馮尹同年寄詩。旣而思之。不快遂停。	기증(donate)	93	94%	title	
P11278	無題六月	기타(others)	64	52%	title	
P11279	寄題崔兄茅堂七月○崔構堂報恩金積山中。馮來僧示題詠。索和。	기증(donate)	62	52%	title	악부/제영(확신↓)
P11280	寄題崔兄茅堂七月○崔構堂報恩金積山中。馮來僧示題詠。索和。 其二	기증(donate)	62	52%	title	악부/제영(확신↓)
P11281	歸僧覺祖乞詩	불교(buddhism)	73	82%	title	
P11282	自挽	애상(sympathy)	85	94%	title	
P11283	靈巖郡守遠餉蜂淸粉藿。作詩謝之。八月	건물(structure)	52	38%	title	
P11284	次厚之寄題尹坦之亭子韻 九月○按厚之。河西字。金坦之。尹衖字。	건물(structure)	70	82%	title	차운(제목 donate 무시)
P11285	次韻二同年相和 金慶老過尹坦之二子俱我同年也	유람(travel)	76	82%	title	
P11286	白生光勳至。夜飮。十月	회방(meet)	41	27%	term	
P11287	大醉。戱贈白生。	기증(donate)	97	94%	title	
P11288	來日將別白生生。請一語。乃醉書與之。	송별(farewell)	97	94%	title	
P11289	與房生飮。唱韻有賦。明日。寄趙點馬希文。	기증(donate)	93	94%	title	
P11290	夜飮。復次韻。	회고(reminiscence)	49	27%	term	
P11291	房出示諸友詠其精舍韻。索和甚急。	불교(buddhism)	57	38%	title	
P11292	昌平宰書致米麴蜜。作詩謝之。十一月	기증(donate)	78	82%	title	
P11293	無題	기타(others)	64	52%	title	
P11294	臘夜對舅氏	회고(reminiscence)	39	14%	term	
P11295	復次	계절(season)	44	27%	term	
P11296	再次	송별(farewell)	39	14%	term	
P11297	三次	애상(sympathy)	43	27%	term	
P11298	錢掛嶺莢亭。次韻送舅氏。	송별(farewell)	70	82%	title	
P11299	除夕示弟 十二月	회고(reminiscence)	50	38%	term	
P11300	示無海。時初別李舅。	송별(farewell)	89	94%	title, term	
P11301	醉戱書示 己未正月	인물(person)	58	38%	term	
P11302	有感書示	애상(sympathy)	73	82%	title, term	
P11303	復題	도화(picture)	81	94%	title	
P11304	得堂書泣書 二月	건물(structure)	58	38%	title	
P11305	別無悔甫弟。復用前韻 三月○諸人設餞于津路	송별(farewell)	96	94%	title	
P11306	追送碧波亭	송별(farewell)	70	82%	title	
P11307	寄退溪先生	기증(donate)	97	94%	title	
P11308	題校楹 五月	도화(picture)	70	82%	title	
P11309	次韻李生 六月	애상(sympathy)	52	38%	term	
P11310	李携酒。次后山詩以侑予。醉次戱之。	산악(mountain)	56	38%	title	
P11311	主守相要浴室燕集。時守已秩滿。八月晦	애상(sympathy)	62	52%	term	
P11312	次性眞軸中韻 三首	-(-)	0	0%		신호 없음
P11313	次性眞軸中韻 三首 其2	-(-)	0	0%		신호 없음
P11314	次性眞軸中韻 三首 其3	애상(sympathy)	44	27%	term	
P11315	次性眞軸中韻 三首 其4	불교(buddhism)	21	16%	term	
P11316	次韻 君晦道披僧軸。見吾次韻詩。仍復次贈。今來書示。求再和甚急。	불교(buddhism)	72	82%	title	차운(제목 donate 무시)
P11317	次韻送遠師 遠渡海請學。乃謝之。留月餘辭退。仍留別語。	송별(farewell)	97	94%	title	
P11318	次韻送遠師 遠渡海請學。乃謝之。留月餘辭退。仍留別語。 其二	송별(farewell)	97	94%	title	
P11319	聞河西亡 庚申二月○沖卿傳計。老懷益孤。	회고(reminiscence)	57	38%	title, term	
P11320	哭河西 二十韻	계절(season)	40	27%	term	
P11321	從李成春覔桐板 五月	애상(sympathy)	33	14%	term	
P11322	徐淳昌書致醪米紙膏。作詩謝之。六月	기증(donate)	56	38%	title	
P11323	公私諱日竝臨。泣書。七月○按仁廟諱日。在初一日。而翌日。卽先生曾祖妣私忌。	애상(sympathy)	52	38%	term	
P11324	別白文二生 八月○按白光勳，文益世。	송별(farewell)	97	94%	title	
P11325	聞還珠逝	애상(sympathy)	63	52%	term	
P11326	復用偕韻哭之	애상(sympathy)	63	52%	term	
P11327	有傳誦林公挽河西律者。次韻悼之。	애상(sympathy)	96	94%	title	
P11328	次大芚僧道衍軸中韻	불교(buddhism)	95	94%	title	
P11329	次大芚僧道衍軸中韻 其2	불교(buddhism)	95	94%	title	
P11330	性眞軸中。復次韻酬梁。時梁黜矣。詩以恨予之囚。悼金之亡。○按梁松川應鼎也	애상(sympathy)	85	94%	title	
P11331	題大學書後。贈蘇生 澳。	기증(donate)	97	94%	title	
P11332	送蘇生 用贈白文韻	송별(farewell)	97	94%	title	차운(제목 donate 무시)
P11333	又題	도화(picture)	88	94%	title	
P11334	奉洪川守手札	송별(farewell)	47	27%	term	
P11335	白生有問。不能答。書與文公日用自警詩。仍敢次韻書其下。十二月	유람(travel)	61	52%	title	
P11336	復以求放心爲贈	기증(donate)	97	94%	title	
P11337	酧寄白生彰卿新居 按白光勳字彰卿	기증(donate)	94	94%	title	
P11338	與邊 士貞 蘇 澳 兩生飮。醉書。辛酉正月	천문(astro)	22	16%	term	
P11339	邊將辭請敎	유람(travel)	15	17%	term	
P11340	邊將辭請敎 其二	-(-)	0	0%		신호 없음
P11341	大醉胡書以贈。	기증(donate)	97	94%	title	
P11342	送蘇生還 時讀論語	송별(farewell)	97	94%	title	
P11343	寄舍弟無悔	기증(donate)	97	94%	title	
P11344	羅金二生來訪。相與醉歌。羅士慄，金千鎰。俱居錦城裏。遊一齋門者。	유람(travel)	68	52%	title	
P11345	奉懷一齋先生。示二君子。	회고(reminiscence)	50	38%	title	
P11346	觀諸公辯說及一齋先生語。有感題其後。	도화(picture)	61	52%	title	
P11347	平生歷敍。令人拊膺誠知作輟爲患。便已近道矣。敍。金生所自敍也。作輟。亦敍巾語。	유람(travel)	88	94%	title	
P11348	贐二生三友	기몽(dream)	50	38%	term	
P11349	傷別	송별(farewell)	97	94%	title	
P11350	次韻慧遠	송별(farewell)	17	17%	term	
P11351	贈別遠公十月	송별(farewell)	75	82%	title	제목보정
P11352	贈別遠公十月 其二	송별(farewell)	75	82%	title	제목보정
P11353	醉別恩沙彌 思以慈遠爲師	송별(farewell)	97	94%	title	
P11354	贈閔點馬 時閔携酒相看	기증(donate)	97	94%	title	
P11355	夢覺泣書 十一月	기몽(dream)	23	16%	term	
P11356	從蘇伯遇借梅月堂四卷。有感書。	건물(structure)	59	38%	title	
P11357	又題贈蘇	기증(donate)	97	94%	title	
P11358	十二月八日。得巖會書。悲不自勝。夜書六韻。按舟川之沒。字遺腹以巖會。是歲年十三。後名復誠。	유람(travel)	61	52%	title	
P11359	謝人遺梳貼 帶方半刺。洪以坤遺。	송별(farewell)	39	14%	term	
P11360	家書書訖。泣書三十韻。	인물(person)	41	27%	term	
P11361	十二月二十三日。送蘇生至掛錢亭。	송별(farewell)	70	82%	title	
P11362	次韻。寄題雙溪樓。壬戌二月○僧性眞袖白巖事蹟來謁。見圃隱，河西詩。	불교(buddhism)	74	82%	title, term	차운(제목 donate 무시)
P11363	主守新文廟學堂。行移安祭。次文廣文韻。	건물(structure)	62	52%	title	
P11364	廣文期不至。次韻相示。予仍復次。	천문(astro)	21	16%	term	
P11365	觀駒戱。詠 二首。	계절(season)	15	17%	term	
P11366	觀駒戱。詠 二首。 其二	식물(plant)	15	17%	term	
P11367	次古人韻 鷄育鴨	애상(sympathy)	56	38%	term	
P11368	四月五夜不寐	인물(person)	38	14%	term	
P11369	重午夜吟 隔籬。有三兄弟宴其母達曙。	유람(travel)	19	17%	term	
P11370	頭毛洞	유람(travel)	65	52%	title	
P11371	僧玉堅苦索句	불교(buddhism)	95	94%	title	
P11372	奴登候京	유람(travel)	23	16%	term	
P11373	奴廻	회고(reminiscence)	17	17%	term	
P11374	又遣奴叔介入京。未歸。	송별(farewell)	69	52%	title, term	
P11375	奴廻	송별(farewell)	38	14%	term	
P11376	崔廣文携酒相訪。醉中共次古韻。九月○后山詩	산악(mountain)	66	52%	title	
P11377	奇子屬主守相餉。作詩謝之。按奇高峯大升	기증(donate)	63	52%	title	
P11378	次文廣文韻贈別 文感於貧賤。故有尾句。	송별(farewell)	82	94%	title, term	차운(제목 donate 무시)
P11379	又將紙贐行十月○屬以糊其北堂窓戶	건물(structure)	61	52%	title	
P11380	次韻。奉呈鄭僉使廻軒。復題一篇。憑達一齋侍者。十一月○鄭名彦直。曾見知于京。實一齋友也。言一齋詩。故次。	건물(structure)	53	38%	title	차운(제목 donate 무시)
P11381	次韻。奉呈鄭僉使廻軒。復題一篇。憑達一齋侍者。十一月○鄭名彦直。曾見知于京。實一齋友也。言一齋詩。故次。 其二	건물(structure)	53	38%	title	차운(제목 donate 무시)
P11382	寄弟 十二月	기증(donate)	94	94%	title	
P11383	簡金都事 啓	기증(donate)	65	52%	title	
P11384	再簡	기증(donate)	51	38%	title	
P11385	次韻。贈洪應休。仁祉○予二人於聘君先生。俱是師承。而洪兄應吉。予之執友也。○按應吉名仁祐。號恥齋。	건물(structure)	50	38%	title	차운(제목 donate 무시)
P11386	醉贈鄭上舍 癸亥正月	기증(donate)	97	94%	title	
P11387	喪鷹	-(-)	0	0%		신호 없음
P11388	三月三日。醉贈文廣文。	기증(donate)	97	94%	title	
P11389	醉次廣文韻	애상(sympathy)	39	14%	term	
P11390	再次韻	도교(taoism)	43	27%	term	
P11391	方夜得玉溪書。曉坐潛玩精一之難。仍記誦前冬敬奉一齋之作。再次書寄玉溪琴堂。溪書以精一爲難○按盧禛子膺。號爲玉溪。時宰潭陽。	기증(donate)	82	94%	title	
P11392	再次韻李純仁 九月○僧性眞持去	불교(buddhism)	91	94%	title	
P11393	次韻。寄題西湖亭。靈岩李光弼。寄示林億齡，奇大升，李後白韻促和。因閔誠回呈。	건물(structure)	70	82%	title	차운(제목 donate 무시)
P11394	從文廣文覓禮記	계절(season)	15	17%	term	
P11395	朴培幹挽詞甲子正月	애상(sympathy)	97	94%	title	
P11396	朴培幹挽詞甲子正月 其二	애상(sympathy)	97	94%	title	
P11397	朴培幹挽詞甲子正月 其三	애상(sympathy)	97	94%	title, term	
P11398	送崔	송별(farewell)	95	94%	title, term	
P11399	奉呈舅氏侍 二月	기증(donate)	85	94%	title	
P11400	謝李錦山惠知白處晦	송별(farewell)	40	27%	term	
P11401	次韻金方伯豹皮之餉	변새(frontier)	56	38%	title	
P11402	紀時敍懷。凡一百言。錄奉舅氏廻軒。三月	애상(sympathy)	52	38%	term	
P11403	四夜鷄鳴。憶得先聘君先生入京時有無名子投詩。感歎次韻。四月	회고(reminiscence)	59	38%	title	
P11404	四夜鷄鳴。憶得先聘君先生入京時有無名子投詩。感歎次韻。四月 其二	회고(reminiscence)	60	52%	title	
P11405	得李昇天 楨書。謝以絶句。	애상(sympathy)	50	38%	term	
P11406	復用前韻。謝沈生豆昇天舊也。	불교(buddhism)	42	27%	term	
P11407	詠笋 五月○用昌黎先生韻一	천문(astro)	23	16%	term	
P11408	七月一日泣書 七月	애상(sympathy)	32	14%	term	
P11409	感泣奉謝。贈金參奉。	기증(donate)	97	94%	title	
P11410	復次前韻。曉書。	계절(season)	56	38%	title	
P11411	八月八日大風 八月	계절(season)	39	14%	term	
P11412	寄尹李二故人十一月	기증(donate)	93	94%	title	
P11413	次韻松川寄題鄭遠	도화(picture)	67	52%	title	차운(제목 donate 무시)
P11414	示從子大河十二月○喜其請學。輙泣書朱子勸學文中庸雖愚必明章以與之。	계절(season)	70	82%	title	
P11415	○重簡隴西 乙丑正月	기증(donate)	63	52%	title	
P11416	贈別韓胤宗 三月	송별(farewell)	74	82%	title, term	제목보정
P11417	次韻崔訓	계절(season)	37	14%	term	
P11418	次韻李純仁 五月	불교(buddhism)	48	27%	term	
P11419	性眞軸中次李韻 眞爲來持餉石蓴。而河西曾此之及。故幷及李。	송별(farewell)	49	27%	term	
P11420	次韻義禪軸 眞之沙彌也	천문(astro)	26	16%	term	
P11421	白巖長水印。憑眞乞詩次韻題。	도화(picture)	61	52%	title	
P11422	奉待舅氏七月	애상(sympathy)	42	27%	term	
P11423	次韻房白二生。各一篇	불교(buddhism)	49	27%	term	
P11424	次韻房白二生。各一篇 其二	변새(frontier)	43	27%	term	
P11425	復次前韻。奉呈舅氏。津頭敍別。時舅自咸悅來。行十九日諱祭。	송별(farewell)	62	52%	title	
P11426	三和一齋韻。寄示金君子。憑舅還寄	건물(structure)	55	38%	title	차운(제목 donate 무시)
P11427	十六夜。感嘆成詩。乙丑八月	애상(sympathy)	45	27%	term	
P11428	○二十夜。奉懷二公。一齋退溪	애상(sympathy)	58	38%	term	
P11429	聞趙且至 九月	애상(sympathy)	42	27%	term	
P11430	波津會二人。記次石橋韻。按子靜景仁	애상(sympathy)	51	38%	term	
P11431	十三日。到碧亭待人。	건물(structure)	74	82%	title	
P11432	池老橘亭飮。示洞生洪理元。	건물(structure)	83	94%	title	
P11433	夢驥 二十韻	회방(meet)	40	27%	term	
P11434	上極浦守。往者蒙賜高韻。重相責酧。義不敢以拙辭。復題一篇。以究下懷。兼示洪韓二君子。十二月○按島詩止此	도화(picture)	55	38%	title, term	
P11435	上極浦守。往者蒙賜高韻。重相責酧。義不敢以拙辭。復題一篇。以究下懷。兼示洪韓二君子。十二月○按島詩止此 其二	도화(picture)	59	38%	title	
P11436	五月三日。邑人邀勞溪上。丙寅五月○按是時。已移槐山。	회고(reminiscence)	40	27%	term	
P11437	次韻從子硯滴絶句	문방(literature)	56	38%	title	
P11438	松面	송별(farewell)	46	27%	term	
P11439	家君命次韻。製上。	건물(structure)	78	82%	title	
P11440	次舅氏韻	인물(person)	47	27%	term	
P11441	謝堤川宰寄五味子，石淸。宰金積源○時慈氏患渴	기증(donate)	97	94%	title	
P11442	苦雨。奉呈舅氏。	기증(donate)	92	94%	title	
P11443	次姪沚韻贈 七月○按李沚。先生甥也。	기타(others)	43	27%	term	차운(제목 donate 무시)
P11444	謁龍灘先生墓	애상(sympathy)	61	52%	title, term	
P11445	寄贈許永川	기증(donate)	97	94%	title	
P11446	登東皐	애상(sympathy)	43	27%	term	
P11447	登東皐 其二	애상(sympathy)	46	27%	term	
P11448	恩移寓居。感舊書懷六首。奉呈獻可城主几下。乞和。	기증(donate)	89	94%	title	
P11449	恩移寓居。感舊書懷六首。奉呈獻可城主几下。乞和。 其二	기증(donate)	87	94%	title	
P11450	恩移寓居。感舊書懷六首。奉呈獻可城主几下。乞和。 其三	기증(donate)	85	94%	title	
P11451	恩移寓居。感舊書懷六首。奉呈獻可城主几下。乞和。 其四	기증(donate)	86	94%	title	
P11452	恩移寓居。感舊書懷六首。奉呈獻可城主几下。乞和。 其五	기증(donate)	90	94%	title	
P11453	恩移寓居。感舊書懷六首。奉呈獻可城主几下。乞和。 其六	기증(donate)	90	94%	title	
P11454	贈悟上人。上人自言久住摩訶衍。八月	기증(donate)	97	94%	title	
P11455	和朴韻贈李 純仁	회고(reminiscence)	36	14%	term	차운(제목 donate 무시)
P11456	和朴韻贈李 純仁 其二	송별(farewell)	43	27%	term	차운(제목 donate 무시)
P11457	記和龍灘先生韻。贈張克業。	애상(sympathy)	41	27%	term	차운(제목 donate 무시)
P11458	鐵谷	계절(season)	25	16%	term	
P11459	次韻金禧	애상(sympathy)	19	17%	term	
P11460	次韻金禧 其二	불교(buddhism)	45	27%	term	
P11461	漁于前溪	송별(farewell)	42	27%	term	
P11462	金進士友甲惠栗。作一絶謝。九月	기증(donate)	71	82%	title	
P11463	九日雨。奉太守二首。	계절(season)	53	38%	title	
P11464	九日雨。奉太守二首。 其二	애상(sympathy)	48	27%	term	
P11465	守文軸中。次徐尹兩公韻。	애상(sympathy)	46	27%	term	
P11466	十五日。鄭典籍琢欲相訪。時屬病瘡。詩以謝之。	한적(tranquility)	41	27%	term	
P11467	病後復題二篇	도화(picture)	67	52%	title	
P11468	病後復題二篇 其二	도화(picture)	81	94%	title	
P11469	挽蘇澳 二首	애상(sympathy)	95	94%	title	
P11470	挽蘇澳 二首 其二	애상(sympathy)	96	94%	title	
P11471	次韻金禧	애상(sympathy)	47	27%	term	
P11472	用重陽韻。贈尹使君。	애상(sympathy)	38	14%	term	차운(제목 donate 무시)
P11473	用重陽韻。贈尹使君。 其二	애상(sympathy)	41	27%	term	차운(제목 donate 무시)
P11474	與具注書，尹太守飮。十月○醉不成書	애상(sympathy)	52	38%	term	
P11475	得報無悔在道。用松面韻。	애상(sympathy)	49	27%	term	
P11476	次松面示無悔	애상(sympathy)	41	27%	term	
P11477	歸松面獨宿。遇大風雨雪。二首。	유람(travel)	74	82%	title	
P11478	歸松面獨宿。遇大風雨雪。二首。 其二	유람(travel)	75	82%	title	
P11479	用兒字韻	애상(sympathy)	34	14%	term	
P11480	松面途中賦雪	유람(travel)	85	94%	title	
P11481	十月旣望。雷。廿九日雷。今五日又雷。閏十月	계절(season)	60	52%	title	
P11482	奉待尹太守時無悔同	변새(frontier)	45	27%	term	
P11483	悼金禧。用舊韻。	애상(sympathy)	82	94%	title	
P11484	送舍弟至甑山十一月	송별(farewell)	88	94%	title, term	
P11485	用前韻。附謝廣州牧。	회고(reminiscence)	36	14%	term	차운(제목 donate 무시)
P11486	贈慶尙監司柳	기증(donate)	97	94%	title	
P11487	贈慶尙監司柳 其二	기증(donate)	97	94%	title	
P11488	崔宣慰行。得無悔十二日書。時弟在廣	유람(travel)	58	38%	title	
P11489	失鷹	불교(buddhism)	23	16%	term	
P11490	葬騾	변새(frontier)	49	27%	term	
P11491	謝金正言季應贈橘。兼書所感。按季應名鸞祥	기증(donate)	97	94%	title	
P11492	謝金正言季應贈橘。兼書所感。按季應名鸞祥 其二	기증(donate)	97	94%	title	
P11493	贈僧祖淡。用舊韻。	불교(buddhism)	86	94%	title	차운(제목 donate 무시)
P11494	贈僧祖淡。用舊韻。 其二	불교(buddhism)	85	94%	title, term	차운(제목 donate 무시)
P11495	贈僧祖淡。用舊韻。 其三	불교(buddhism)	86	94%	title	차운(제목 donate 무시)
P11496	○彈琴臺。用訥齋韻。二首。十二月	건물(structure)	62	52%	title	
P11497	○彈琴臺。用訥齋韻。二首。十二月 其二	건물(structure)	62	52%	title	
P11498	從廣使覓鷹	유람(travel)	15	17%	term	
P11499	○求乙峴	애상(sympathy)	21	16%	term	
P11500	贈大谷處士	기증(donate)	97	94%	title	
P11501	發靑川	유람(travel)	95	94%	title	
P11502	二十七日有感 乙丑冬。喪馬。丙寅春。赴移。	애상(sympathy)	58	38%	title, term	
P11503	除夕	한적(tranquility)	36	14%	term	
P11504	元朝丁卯正月	애상(sympathy)	23	16%	term	
P11505	金進士友甲遠餽麋肉	계절(season)	17	17%	term	
P11506	復答金正言	계절(season)	44	27%	term	
P11507	皇帝崩 丙寅十二月十四日崩。今正月訃至。	계절(season)	55	38%	title	
P11508	上元夕。隣里占月。囂甚。	천문(astro)	25	16%	term	
P11509	追和佔畢恭和御製望遠亭詩。八首。	건물(structure)	79	82%	title	
P11510	追和佔畢恭和御製望遠亭詩。八首。 其2	건물(structure)	89	94%	title	
P11511	追和佔畢恭和御製望遠亭詩。八首。 其3	건물(structure)	93	94%	title	
P11512	追和佔畢恭和御製望遠亭詩。八首。 其4	건물(structure)	91	94%	title	
P11513	追和佔畢恭和御製望遠亭詩。八首。 其5	건물(structure)	90	94%	title	
P11514	追和佔畢恭和御製望遠亭詩。八首。 其6	건물(structure)	94	94%	title	
P11515	追和佔畢恭和御製望遠亭詩。八首。 其7	건물(structure)	85	94%	title	
P11516	追和佔畢恭和御製望遠亭詩。八首。 其8	건물(structure)	94	94%	title	
P11517	金慶老傳示叔道仲久贈仁仲詩。仰次其韻。按金禧年，閔起文，李湛，柳希春也。	회고(reminiscence)	36	14%	term	차운(제목 donate 무시)
P11518	又用前韻。贈慶老侍。	유람(travel)	38	14%	term	차운(제목 donate 무시)
P11519	追別。又次韻。	송별(farewell)	97	94%	title	
P11520	次韻金慶老	애상(sympathy)	49	27%	term	
P11521	李承旨文楗夫人挽詞二月	애상(sympathy)	96	94%	title	
P11522	春晴	식물(plant)	49	27%	term	
P11523	寄金正字。時聞脚傷。	기증(donate)	85	94%	title	
P11524	擬遊琴臺。用舊韻。	유람(travel)	72	82%	title	
P11525	贈仲簡。兼呈韓炯。	기증(donate)	97	94%	title	
P11526	用朴之樗贈韻。贈之。三月	회방(meet)	38	14%	term	차운(제목 donate 무시)
P11527	贈姜監司士弼	기증(donate)	97	94%	title	
P11528	槐南道中	유람(travel)	78	82%	title	
P11529	歡喜寺俗稱葩串寺。葩串實山名。	불교(buddhism)	58	38%	title	
P11530	一訓軸中。懷退溪龜谿。次其韻。	회고(reminiscence)	53	38%	title	
P11531	法岑卷裏。次龜巖龜谿韻。按龜巖。李楨號。	건물(structure)	56	38%	title	
P11532	法岑卷裏。次龜巖龜谿韻。按龜巖。李楨號。 其二	건물(structure)	56	38%	title	
P11533	葩溪一名葩串造泡	애상(sympathy)	59	38%	term	
P11534	松面次舊韻	유람(travel)	18	17%	term	
P11535	車前嶺名	회고(reminiscence)	37	14%	term	
P11536	道中 四月	유람(travel)	83	94%	title	
P11537	復次大谷次韻。二首。	-(-)	0	0%		신호 없음
P11538	復次大谷次韻。二首。 其二	애상(sympathy)	40	27%	term	
P11539	復次大谷次韻。二首。 其三	한적(tranquility)	39	14%	term	
P11540	復次大谷次韻。二首。 其四	애상(sympathy)	61	52%	term	
P11541	尹守誦人好詩。遂和之。五月	송별(farewell)	49	27%	term	
P11542	溪上苦熱	계절(season)	56	38%	title	
P11543	次韻李純仁僧眞齎報	불교(buddhism)	82	94%	title	
P11544	眞僧袖二三子詩督和	불교(buddhism)	90	94%	title, term	
P11545	塔溪	송별(farewell)	29	16%	term	
P11546	與全舜弼宰登琴臺六月○時舍弟如京	건물(structure)	55	38%	title	
P11547	復題一篇	도화(picture)	67	52%	title	
P11548	謝西原使李憲國	기증(donate)	56	38%	title	
P11549	寄退溪行軒 時登金灘舟赴召	기증(donate)	87	94%	title	
P11550	寄退溪行軒 時登金灘舟赴召 其二	기증(donate)	87	94%	title	
P11551	復寄答退溪	기증(donate)	97	94%	title	
P11552	贈主宰尹 時尹携酒樂。獻壽北堂。作詩謝之。	기증(donate)	97	94%	title	
P11553	翌日又會	애상(sympathy)	35	14%	term	
P11554	慟天崩 七月○按六月二十八日。明宗大王昇遐。	천문(astro)	23	16%	term	
P11555	覩龍飛 按明宗昇遐。宣祖大王。入承大統。	유람(travel)	78	82%	title	
P11556	別朴夏	송별(farewell)	97	94%	title	
P11557	詩謝崔兄	기증(donate)	64	52%	title	
P11558	貢廣文餉以三物。詩以謝之。八月	기증(donate)	61	52%	title	
P11559	觀許魏過首陽。及論學二律。有感遂次。按時許太史國，魏給事時亮來。頒隆慶皇帝登極詔。	유람(travel)	77	82%	title	
P11560	觀許魏過首陽。及論學二律。有感遂次。按時許太史國，魏給事時亮來。頒隆慶皇帝登極詔。 其二	유람(travel)	64	52%	title	
P11561	復次韻示友	산악(mountain)	15	17%	term	
P11562	復次韻示友 其二	송별(farewell)	17	17%	term	
P11563	復次韻示友 其三	회고(reminiscence)	36	14%	term	
P11564	復次韻示友 其四	회고(reminiscence)	38	14%	term	
P11565	復次韻示友 其五	애상(sympathy)	50	38%	term	
P11566	復次韻示友 其六	송별(farewell)	39	14%	term	
P11567	得吾助詩。次韻書感。	회고(reminiscence)	77	82%	term	
P11568	得吾助詩。次韻書感。 其二	회고(reminiscence)	49	27%	term	
P11569	尹太守席。和尹子溫所和韻。	애상(sympathy)	62	52%	term	
P11570	和李欽哉寄尹詩 按欽哉。李憲國字。	기증(donate)	86	94%	title	
P11571	別弟無悔	송별(farewell)	93	94%	title, term	
P11572	開香道中	유람(travel)	64	52%	title	
P11573	用贈仁仲韻贈景晦	식물(plant)	15	17%	term	차운(제목 donate 무시)
P11574	醉中復題	도화(picture)	88	94%	title	
P11575	道中十月	유람(travel)	62	52%	title	
P11576	知非有感。用舊韻。	애상(sympathy)	55	38%	title	
P11577	歸路作。示二子。	송별(farewell)	70	82%	title, term	
P11578	醉中	변새(frontier)	42	27%	term	
P11579	留別槐山尹宰 二首	송별(farewell)	97	94%	title	
P11580	留別槐山尹宰 二首 其二	송별(farewell)	89	94%	title	
P11581	溪上和尹宰	인물(person)	38	14%	term	
P11582	次韻吳克諶按槐詩止此	회고(reminiscence)	49	27%	term	
P11583	贈康童子應晢○童子是從舅之外孫也。乎至尙館。生年才五。能書大字。	기증(donate)	97	94%	title	
P11584	用安驛館。次板上韻。十一月	유람(travel)	56	38%	title	
P11585	濟川亭。示相迓諸親。	건물(structure)	91	94%	title	
P11586	寓直王堂。贈奇典翰。十二月○典翰時方遞直○按奇高峯	기증(donate)	97	94%	title	
P11587	奉恩寺。次韻住持信默。	애상(sympathy)	53	38%	term	
P11588	贈知眞	기증(donate)	97	94%	title	
P11589	次韻龍仁	천문(astro)	28	16%	term	
P11590	○次韻振威	애상(sympathy)	41	27%	term	
P11591	次韻稷山	산악(mountain)	73	82%	title	
P11592	次洪陽板上曹太虛公韻。奉示牧伯沖卿。申湛	송별(farewell)	44	27%	term	
P11593	次洪陽板上曹太虛公韻。奉示牧伯沖卿。申湛 其二	회방(meet)	38	14%	term	
P11594	醉贈沖卿	기증(donate)	97	94%	title	
P11595	次西原板上韻。奉呈牧伯欽哉。	회고(reminiscence)	36	14%	term	차운(제목 donate 무시)
P11596	次西原板上韻。奉呈牧伯欽哉。 其二	애상(sympathy)	29	16%	term	차운(제목 donate 무시)
P11597	登皮盤大嶺	인물(person)	45	27%	term	
P11598	次懷仁板上韻	회고(reminiscence)	56	38%	title	
P11599	訪大谷飮	변새(frontier)	37	14%	term	
P11600	次大谷韻醉草	천문(astro)	21	16%	term	
P11601	謁玄祖同知墓。感歎有作。戊辰正月	애상(sympathy)	65	52%	title	
P11602	謁玄祖同知墓。感歎有作。戊辰正月 其二	애상(sympathy)	60	52%	title	
P11603	贈希正按忠州牧使朴民獻	기증(donate)	97	94%	title	
P11604	復用前韻	유람(travel)	48	27%	term	
P11605	朴贈予十一句。正也强之和。予醉摘首尾二字戱酬。	기증(donate)	97	94%	title	
P11606	贈復誠	기증(donate)	97	94%	title	
P11607	舟行。期泂之。不至。	애상(sympathy)	55	38%	term	
P11608	神勒寺覺長老軸中次韻	불교(buddhism)	62	52%	title	
P11609	感歎	변새(frontier)	40	27%	term	
P11610	韓舍人 澍挽詞二章 三月	애상(sympathy)	97	94%	title	
P11611	韓舍人 澍挽詞二章 三月 其二	애상(sympathy)	94	94%	title	
P11612	送李正 元祿 朝京二律	송별(farewell)	85	94%	title, term	
P11613	送李正 元祿 朝京二律 其二	송별(farewell)	97	94%	title	
P11614	閔議政 箕挽詞	애상(sympathy)	97	94%	title	
P11615	寓直玉堂。觀兩老先生詩。次韻寓感。晦齋圭庵	건물(structure)	67	52%	title	
P11616	寄別李正	송별(farewell)	63	52%	title	
P11617	會謁議政影子。移安于家。三月○按先生八世祖桑村先生嵩影子	건물(structure)	70	82%	title	
P11618	枉心里宿友家。醉中見迫。次韻。	유람(travel)	87	94%	title	
P11619	愼氏亭。懷無悔甫弟。四月	건물(structure)	87	94%	title	
P11620	驪州大愁里訪李參判。懷其亡伯。	회고(reminiscence)	72	82%	title, term	
P11621	淸心樓次韻	유람(travel)	49	27%	term	
P11622	淸心樓次韻 其二	애상(sympathy)	46	27%	term	
P11623	楊根有感。次板上企齋韻。七世祖爲是郡事云	애상(sympathy)	52	38%	title	
P11624	題龍湫崖	애상(sympathy)	48	27%	term	
P11625	聞慶次韻書感 板有退溪詩	변새(frontier)	49	27%	term	
P11626	次韻	현달(prosper)	58	38%	term	
P11627	次韻 其二	애상(sympathy)	53	38%	term	
P11628	寄上退溪	기증(donate)	93	94%	title	
P11629	次韻先外祖考殿中契軸詩	변새(frontier)	43	27%	term	
P11630	月溪舟中	강해(water)	60	52%	title	
P11631	大灘二首	애상(sympathy)	49	27%	term	
P11632	大灘二首 其二	애상(sympathy)	36	14%	term	
P11633	宿葛山三首	유람(travel)	87	94%	title	
P11634	宿葛山三首 其二	유람(travel)	88	94%	title	
P11635	宿葛山三首 其三	유람(travel)	89	94%	title	
P11636	井江	유람(travel)	60	52%	term	
P11637	罇巖。追和朴使。八月	건물(structure)	64	52%	title	
P11638	靑川。贈牧使李公。憲國	기증(donate)	97	94%	title	
P11639	報恩道次	송별(farewell)	21	16%	term	
P11640	寄贈慶尹柳純仲九月	기증(donate)	97	94%	title	
P11641	寄贈慶尹柳純仲九月 其二	기증(donate)	97	94%	title	
P11642	房生來訪。謾書爲贈。	기증(donate)	97	94%	title	
P11643	用前韻寄淸牧	송별(farewell)	17	17%	term	차운(제목 donate 무시)
P11644	酬陶叟先生	송별(farewell)	39	14%	term	
P11645	酬陶叟先生 其二	애상(sympathy)	64	52%	term	
P11646	鳳山書院有感。醉筆。	회고(reminiscence)	51	38%	term	
P11647	復次韻	회고(reminiscence)	38	14%	term	
P11648	憂坐	회방(meet)	17	17%	term	
P11649	懷露陰山趙石磵寓居佯狂。偶閱地志。有感書。	산악(mountain)	51	38%	title	
P11650	紀聖德事 誅奸諛於旣死○聖一作盛	천문(astro)	25	16%	term	
P11651	次正使暢月朔日。宣詔禮成志喜韻。按壬申十一月。翰林學士韓世能吏科給事中陳三謨來頒萬曆皇帝登極詔。先生爲館伴。此下十四首。係館伴錄。	강해(water)	49	27%	term	
P11652	次宣詔禮成。國王留款勤政殿。送出門外時。晴空忽飛雪數點韻。	송별(farewell)	88	94%	title	
P11653	次正使國王邀坐慶會樓。因索詩翰。呈此韻。	기증(donate)	92	94%	title	
P11654	次正使奉使至朝鮮三日。謁宣聖廟。退於明倫堂。與諸生相見。留此用鴻山先生韻。	건물(structure)	61	52%	title	
P11655	次正使登漢江韻回程。到東坡館錄示。	유람(travel)	56	38%	title	
P11656	鄙人獲忝陪侍。日覿淸眄得御之。喜所難喩也。歸舝催脂。不勝黯然。敢掇近體二首。錄呈敬堂大人。斤正。	기증(donate)	84	94%	title	
P11657	鄙人獲忝陪侍。日覿淸眄得御之。喜所難喩也。歸舝催脂。不勝黯然。敢掇近體二首。錄呈敬堂大人。斤正。 其二	기증(donate)	82	94%	title	
P11658	鄙人數日攀遊。不勝登門之幸。玆當回御。別思遽劇。謹奉近體二首。錄呈錦江大人。惶恐。	기증(donate)	63	52%	title	
P11659	鄙人數日攀遊。不勝登門之幸。玆當回御。別思遽劇。謹奉近體二首。錄呈錦江大人。惶恐。 其二	기증(donate)	62	52%	title	
P11660	次正使至日太平館作韻 二首	애상(sympathy)	51	38%	term	
P11661	次正使至日太平館作韻 二首 其二	애상(sympathy)	54	38%	term	
P11662	奉瞻行軒。情見于辭。呈兩大人先生。	기증(donate)	93	94%	title	
P11663	次副使贈韻	송별(farewell)	39	14%	term	차운(제목 donate 무시)
P11664	次副使贈韻 其二	애상(sympathy)	42	27%	term	차운(제목 donate 무시)
P11665	侍藥廳按日記。丁丑六月。恭懿殿不豫。先生以都提調。與提調鄭宗榮，副提調朴啓賢侍藥。恭懿殿。卽仁宗大王妃。仁聖王后。	천문(astro)	28	16%	term	
P11666	初聞少間七月	애상(sympathy)	69	52%	term	
P11667	賜酒饌。感泣。	천문(astro)	27	16%	term	
P11668	賜酒饌。感泣。 其二	애상(sympathy)	15	17%	term	
P11669	聞一齋捐館	건물(structure)	53	38%	title	
P11670	七夕苦吟	송별(farewell)	42	27%	term	악부/제영(확신↓)
P11671	有聞夜泣。晨書。	애상(sympathy)	32	14%	term	
P11672	紀事 二十韻	인물(person)	53	38%	title	
P11673	一齋先生挽詞 十韻	애상(sympathy)	93	94%	title	
P11674	侍藥廳次古人韻○十月。殿候又不豫。	애상(sympathy)	72	82%	term	
P11675	兩絶	기몽(dream)	32	14%	term	
P11676	兩絶 其二	회방(meet)	17	17%	term	
P11677	泣書二律	애상(sympathy)	22	16%	term	
P11678	泣書二律 其二	애상(sympathy)	75	82%	term	
P11679	自悼	애상(sympathy)	71	82%	title	
P11680	雜書撥悶	애상(sympathy)	24	16%	term	
P11681	賜酒饌	염정(desire)	38	14%	term	
P11682	泣書三絶十一月初一日	강해(water)	50	38%	term	
P11683	泣書三絶十一月初一日 其二	회고(reminiscence)	49	27%	term	
P11684	泣書三絶十一月初一日 其三	애상(sympathy)	19	17%	term	
P11685	自歎	유람(travel)	67	52%	title	
P11686	疊前韻	애상(sympathy)	28	16%	term	
P11687	冬至祝言 諱日目臨	회고(reminiscence)	25	16%	term	
P11688	賜酒饌分遺	계절(season)	17	17%	term	
P11689	女醫言內候似少解	회고(reminiscence)	74	82%	term	
P11690	齋不祭	건물(structure)	70	82%	title	
P11691	泣寫四十言。二首。	애상(sympathy)	25	16%	term	
P11692	泣寫四十言。二首。 其二	강해(water)	15	17%	term	
P11693	夜坐。疊回韻。內賜酒食。令守庚申。	천문(astro)	25	16%	term	
P11694	夜坐。疊回韻。內賜酒食。令守庚申。 其二	애상(sympathy)	54	38%	term	
P11695	疊更韻	애상(sympathy)	32	14%	term	
P11696	疊更韻 其二	한적(tranquility)	47	27%	term	
P11697	亡題	도화(picture)	74	82%	title	
P11698	口占四韻	애상(sympathy)	24	16%	term	
P11699	參東祠。謁北堂。十五日。有敎輪直宿。	유람(travel)	80	94%	title	
P11700	直宿祝言 啓大殿俱直宿	유람(travel)	89	94%	title	
P11701	上殿哭之慟	도교(taoism)	45	27%	term	
P11702	上命削勳 二十八日。上召大臣。傳曰。削勳復爵事。已告于上殿。	천문(astro)	25	16%	term	
P11703	上命削勳 二十八日。上召大臣。傳曰。削勳復爵事。已告于上殿。 其二	송별(farewell)	25	16%	term	
P11704	○西郊道中 戊寅八月○按此下十四首。係齊陵奉審錄。	유람(travel)	56	38%	title	
P11705	碧蹄館。次唐學士韻。	애상(sympathy)	39	14%	term	
P11706	碧蹄路上。又用唐學士韻。	유람(travel)	52	38%	title	
P11707	坡州。贈安上舍仲任。用板上錦江韻。	유람(travel)	38	14%	term	차운(제목 donate 무시)
P11708	復題	도화(picture)	73	82%	title	
P11709	○臨津	천문(astro)	22	16%	term	
P11710	東坡館有感。用王先生韻。	애상(sympathy)	58	38%	title	
P11711	次監司次韻尹根壽	애상(sympathy)	60	52%	term	
P11712	贈留守	기증(donate)	97	94%	title	
P11713	謁齊陵	회방(meet)	17	17%	term	
P11714	滿月臺	건물(structure)	53	38%	title	
P11715	贈安處士	기증(donate)	97	94%	title	
P11716	外王父墓	애상(sympathy)	58	38%	title	
P11717	望三角山按奉審錄止此	산악(mountain)	63	52%	title	
P11718	○辭詣孝陵受賜虎皮按年譜。初乙巳。奸兇等以仁廟爲未踰年之君。因山事多不謹。至有臣子所不忍言者。至是命改修。先生董其役。此下五十四首。係孝陵修改錄。	산악(mountain)	56	38%	title	
P11719	呑聲哭	애상(sympathy)	40	27%	term	
P11720	感歎成詩	회고(reminiscence)	39	14%	term	
P11721	失會 二首	회고(reminiscence)	58	38%	term	
P11722	失會 二首 其二	천문(astro)	22	16%	term	
P11723	口號 三首	천문(astro)	39	14%	term	
P11724	口號 三首 其二	변새(frontier)	44	27%	term	
P11725	口號 三首 其三	애상(sympathy)	57	38%	term	
P11726	履霜	애상(sympathy)	48	27%	term	
P11727	可嘆	불교(buddhism)	23	16%	term	
P11728	宣醞	송별(farewell)	31	14%	term	
P11729	向寒	유람(travel)	77	82%	title	
P11730	書情	애상(sympathy)	23	16%	term	
P11731	贈僧智浩	기증(donate)	87	94%	title	
P11732	浩請用首題益懇	도화(picture)	63	52%	title	
P11733	浩請用首題益懇 其二	도화(picture)	66	52%	title, term	
P11734	權領相轍挽詞	애상(sympathy)	97	94%	title	
P11735	憂歎	변새(frontier)	37	14%	term	
P11736	遣遇	천문(astro)	18	17%	term	
P11737	詠懷。復次前韻。二首。	회고(reminiscence)	70	82%	title	
P11738	詠懷。復次前韻。二首。 其二	회고(reminiscence)	70	82%	title	
P11739	有感	애상(sympathy)	70	82%	title	
P11740	又題	도화(picture)	67	52%	title	
P11741	賦雙柏三海松寓感	애상(sympathy)	38	14%	term	
P11742	悼五宰尹鉉，盧禛，鄭大年，李後白，權轍。	애상(sympathy)	83	94%	title, term	
P11743	啓辭訖口占	천문(astro)	28	16%	term	
P11744	足疾	식물(plant)	58	38%	term	
P11745	夜坐泣書	애상(sympathy)	28	16%	term	
P11746	象設	천문(astro)	17	17%	term	
P11747	夜歎 二首	-(-)	0	0%		신호 없음
P11748	夜歎 二首 其二	애상(sympathy)	66	52%	term	
P11749	口占 二首	천문(astro)	28	16%	term	
P11750	口占 二首 其二	불교(buddhism)	50	38%	term	
P11751	復題 二首	도화(picture)	88	94%	title	
P11752	復題 二首 其二	도화(picture)	79	82%	title	
P11753	夜悲	염정(desire)	71	82%	term	
P11754	贈性眞時眞以徐孝子索跋事來京。仍與吾告以春入耽羅云。	기증(donate)	97	94%	title	
P11755	贈性眞時眞以徐孝子索跋事來京。仍與吾告以春入耽羅云。 其二	기증(donate)	97	94%	title	
P11756	贈李刑書名希儉。其兄弟爲吾同年。	기증(donate)	97	94%	title	
P11757	用前韻。贈宋工亞。贊○同官兵曹講院	기타(others)	41	27%	term	차운(제목 donate 무시)
P11758	用前韻。贈黃通禮。廷彧○同僚玉堂。又嘗疏正宗廟禮儀。	건물(structure)	73	82%	title	차운(제목 donate 무시)
P11759	用前韻。贈金刑郞。公之先公擢薦科。予爲公姻親。故云。	불교(buddhism)	36	14%	term	차운(제목 donate 무시)
P11760	疊前韻。奉大司寇。	애상(sympathy)	73	82%	term	
P11761	疊韻奉小司空	회고(reminiscence)	67	52%	term	
P11762	疊韻呈秋臺郞	기증(donate)	97	94%	title	
P11763	復疊呈通禮	기증(donate)	97	94%	title	
P11764	癮疹	송별(farewell)	18	17%	term	
P11765	中使察役狀	유람(travel)	15	17%	term	
P11766	再疊奉黃	한적(tranquility)	58	38%	term	
P11767	答金再疊	유람(travel)	19	17%	term	
P11768	修改事完 按修改錄止此	회고(reminiscence)	43	27%	term	
P11769	志喜 庚辰十一月。上候未寧。侍藥凡二十三日。有詩十九首。	천문(astro)	17	17%	term	
P11770	上命退休	회방(meet)	25	16%	term	
P11771	夜坐口號	애상(sympathy)	69	52%	term	
P11772	夜坐口號 其二	애상(sympathy)	20	16%	term	
P11773	繼韻四首。用謝瓊報。	애상(sympathy)	24	16%	term	
P11774	繼韻四首。用謝瓊報。	기증(donate)	56	38%	title	
P11775	繼韻四首。用謝瓊報。 其二	기증(donate)	66	52%	title	
P11776	繼韻四首。用謝瓊報。 其三	기증(donate)	53	38%	title	
P11777	○有懷必發。錄呈兩令公。斤正。	기증(donate)	68	52%	title	
P11778	醫診。感喜又形。	유람(travel)	33	14%	term	
P11779	賜酒饌	애상(sympathy)	25	16%	term	
P11780	詠雪用東坡韻	천문(astro)	70	82%	title	
P11781	詠雪用東坡韻 其二	천문(astro)	59	38%	title	
P11782	復步前韻	송별(farewell)	27	16%	term	
P11783	復步前韻 其二	변새(frontier)	45	27%	term	
P11784	○廿二夜半書	한적(tranquility)	39	14%	term	
P11785	繼前韻遣憂	회고(reminiscence)	62	52%	term	
P11786	次舅氏韻	송별(farewell)	23	16%	term	
P11787	次舅氏韻 其二	강해(water)	47	27%	term	
P11788	玉山十四詠	산악(mountain)	54	38%	title	
P11789	玉山十四詠 其2	산악(mountain)	56	38%	title	
P11790	玉山十四詠 其3	산악(mountain)	78	82%	title	
P11791	玉山十四詠 其4	산악(mountain)	78	82%	title	
P11792	玉山十四詠 其5	산악(mountain)	56	38%	title	
P11793	玉山十四詠 其6	산악(mountain)	56	38%	title	
P11794	玉山十四詠 其7	산악(mountain)	66	52%	title	
P11795	玉山十四詠 其8	산악(mountain)	85	94%	title	
P11796	玉山十四詠 其9	산악(mountain)	56	38%	title	
P11797	玉山十四詠 其10	산악(mountain)	70	82%	title	
P11798	玉山十四詠 其11	애상(sympathy)	50	38%	term	
P11799	玉山十四詠 其12	산악(mountain)	56	38%	title	
P11800	玉山十四詠 其13	산악(mountain)	85	94%	title	
P11801	玉山十四詠 其14	산악(mountain)	59	38%	title	
P11802	十靑亭三首	건물(structure)	94	94%	title	
P11803	十靑亭三首 其二	건물(structure)	92	94%	title	
P11804	十靑亭三首 其三	건물(structure)	83	94%	title	
P11805	讀堂齋兩先生詩。有感。寒暄堂佔畢齋	건물(structure)	67	52%	title	
P11806	贈康復誠	기증(donate)	97	94%	title	
P11807	贈康復誠 其二	기증(donate)	97	94%	title	
P11808	次性眞軸韻	회고(reminiscence)	46	27%	term	
P11809	次性眞軸韻 其二	송별(farewell)	27	16%	term	
P11810	挽退溪	애상(sympathy)	86	94%	title	
P11811	挽退溪 其二	애상(sympathy)	96	94%	title	
P11812	挽退溪 其三	애상(sympathy)	96	94%	title	
P11813	次退溪韻贈性眞	식물(plant)	36	14%	term	차운(제목 donate 무시)
P11814	孝陵端午祭	애상(sympathy)	67	52%	term	
P11815	孝陵端午祭 其2	애상(sympathy)	23	16%	term	
P11816	泊龍灘	계절(season)	45	27%	term	
P11817	李習之妻氏挽	애상(sympathy)	96	94%	title, term	
P11818	送朴希正赴燕二首	송별(farewell)	95	94%	title, term	
P11819	送朴希正赴燕二首 其二	송별(farewell)	90	94%	title	
P11820	贈僧	기증(donate)	87	94%	title	
P11821	贈僧 其二	기증(donate)	88	94%	title	
P11822	感懷	회고(reminiscence)	58	38%	title	
P11823	挽南冥	애상(sympathy)	96	94%	title	
P11824	贈安慶昌	기증(donate)	97	94%	title	
P11825	贈安慶昌 其二	기증(donate)	97	94%	title	
P11826	贈安慶昌 其三	기증(donate)	97	94%	title	
P11827	○琴臺次訥翁韻。贈洪和仲。	건물(structure)	50	38%	title	차운(제목 donate 무시)
P11828	題幽谷驛	도화(picture)	61	52%	title	
P11829	龍湫。別安祐。	송별(farewell)	97	94%	title	
P11830	挽金大諫 鸞祥	애상(sympathy)	93	94%	title	
P11831	射以觀德。應製。	송별(farewell)	18	17%	term	악부/제영(확신↓)
P11832	送人赴京	송별(farewell)	97	94%	title, term	
P11833	送人赴京 其二	송별(farewell)	97	94%	title	
P11834	送人赴京 其三	송별(farewell)	95	94%	title, term	
P11835	挽李政丞 鐸	애상(sympathy)	96	94%	title	
P11836	挽李政丞 鐸 其二	애상(sympathy)	96	94%	title	
P11837	送李欽哉	송별(farewell)	97	94%	title, term	
P11838	洪政丞暹賜几杖宴席	회고(reminiscence)	47	27%	term	
P11839	洪政丞母夫人挽	애상(sympathy)	96	94%	title	
P11840	遞右相	애상(sympathy)	50	38%	term	
P11841	贈康復誠	기증(donate)	97	94%	title	
P11842	贈康復誠 其二	기증(donate)	97	94%	title	
P11843	贈康復誠 其三	기증(donate)	97	94%	title	
P11844	漢江。別沈洪川喜壽。	송별(farewell)	81	94%	title	
P11845	煙波亭	건물(structure)	85	94%	title	
P11846	題鶴林守遊金剛軸 金禔畫山。鵝溪題詩。	유람(travel)	57	38%	title	
P11847	次舟川德周寺韻 其胤康參奉請之	불교(buddhism)	55	38%	title	
P11848	疊前韻酬應休	애상(sympathy)	69	52%	term	
P11849	疊前韻酬應休 其二	애상(sympathy)	60	52%	term	
P11850	賜几杖宴帝	회고(reminiscence)	53	38%	term	
P11851	次鳳臨臺韻	건물(structure)	57	38%	title	
P11852	次黃景文劍巖韻	회고(reminiscence)	40	27%	term	
P11853	白蓮	애상(sympathy)	44	27%	term	
P11854	送趙書狀仁得 赴燕	송별(farewell)	96	94%	title, term	
P11855	次懷蘭時軸韻	회고(reminiscence)	65	52%	title	
P11856	送李伯生赴燕	송별(farewell)	97	94%	title, term	
P11857	恭和御製詩 二首	유람(travel)	17	17%	term	
P11858	恭和御製詩 二首 其二	인물(person)	45	27%	term	
P11859	奉賀林塘賜几杖宴 按林塘鄭相惟吉號	송별(farewell)	45	27%	term	
P11860	又題一篇言情	도화(picture)	88	94%	title	
P11861	挽林塘	애상(sympathy)	96	94%	title	
P11862	別柳仁仲	송별(farewell)	97	94%	title	
P11863	贈李副提學墍以館長受由寧親。自上賜橘五十箇。又降御札二十七字。	기증(donate)	97	94%	title	
P11864	偶吟	애상(sympathy)	40	27%	term	악부/제영(확신↓)
P11865	偶吟 其二	애상(sympathy)	23	16%	term	
P11866	贈僧	기증(donate)	88	94%	title	
P11867	送盧子平埈 赴東萊	송별(farewell)	84	94%	title, term	
P11868	次寒碧樓韻	건물(structure)	53	38%	title	
P11869	贈僧	기증(donate)	88	94%	title	
P11870	題龍湫院樓時甲申五月	도화(picture)	56	38%	title	
P11871	題龍湫院樓時甲申五月 其2	도화(picture)	61	52%	title	
P11872	贈僧	기증(donate)	88	94%	title	
P11873	贈僧 其二	기증(donate)	87	94%	title	
P11874	寄許草堂	기증(donate)	87	94%	title	
P11875	寄許草堂 其二	기증(donate)	87	94%	title	
P11876	挽草堂	애상(sympathy)	84	94%	title	
P11877	挽柳應瑞	애상(sympathy)	90	94%	title, term	
P11878	題金禔畫	도화(picture)	91	94%	title	
P11879	題金禔畫 其二	도화(picture)	91	94%	title	
P11880	題金禔畫 其三	도화(picture)	78	82%	title	
P11881	題高參議山亭	건물(structure)	80	94%	title, term	
P11882	贈安慶昌	기증(donate)	97	94%	title	
P11883	贈安慶昌 其2	기증(donate)	97	94%	title, term	
P11884	贈安慶昌 其3	기증(donate)	97	94%	title	
P11885	贈安慶昌 其4	기증(donate)	97	94%	title	
P11886	醉贈木人	기증(donate)	97	94%	title	
P11887	別四耐翁	송별(farewell)	97	94%	title, term	
P11888	別四耐翁 其2	송별(farewell)	97	94%	title	
P11889	別四耐翁 其3	송별(farewell)	97	94%	title	
P11890	別四耐翁 其4	송별(farewell)	97	94%	title, term	
P11891	別四耐翁 其5	송별(farewell)	97	94%	title	
P11892	別四耐翁 其6	송별(farewell)	97	94%	title	
P11893	送朴叔正赴載寧	송별(farewell)	90	94%	title	
P11894	贈趙佐郞徽	기증(donate)	97	94%	title	
P11895	贈趙佐郞徽 其二	기증(donate)	97	94%	title	
P11896	復次靑川韻	애상(sympathy)	38	14%	term	
P11897	贈安慶昌	기증(donate)	97	94%	title	
P11898	贈安慶昌 其2	기증(donate)	97	94%	title	
P11899	戱贈白光勳	기증(donate)	97	94%	title	
P11900	送李仁豪向楮島	송별(farewell)	81	94%	title, term	
P11901	興原舟中。贈李達。	기증(donate)	97	94%	title	
P11902	奉審孝陵。呈權南曹。擘○按權號習齋	기증(donate)	97	94%	title	
P11903	奉審孝陵。呈權南曹。擘○按權號習齋 其二	기증(donate)	97	94%	title	
P11904	疊前韻希和	불교(buddhism)	45	27%	term	
P11905	疊前韻希和 其二	회고(reminiscence)	45	27%	term	
P11906	次聞慶板上韻	천문(astro)	28	16%	term	
P11907	次林塘韻 按林塘爲遠接使時。柳修撰成龍爲從事官。此卽林塘贈西厓韻也。	계절(season)	37	14%	term	차운(제목 donate 무시)
P11908	送柳書狀根	송별(farewell)	78	82%	title, term	
P11909	赴孝陵途中二絶 戊寅二月十四日○按時將葬仁聖王后	유람(travel)	88	94%	title	
P11910	赴孝陵途中二絶 戊寅二月十四日○按時將葬仁聖王后 其二	유람(travel)	96	94%	title	
P11911	大夫人壽宴	애상(sympathy)	24	16%	term	
P11912	李令挽	애상(sympathy)	96	94%	title, term	
P11913	次兪杞城泓江亭韻	건물(structure)	94	94%	title	
P11914	許翰林篈家吟。示諸人。	건물(structure)	55	38%	title	
P11915	送兪牧使大脩赴忠州	송별(farewell)	97	94%	title	
P11916	次林塘賞心軒韻	애상(sympathy)	43	27%	term	
P11917	送洪時可赴慶尙方伯	송별(farewell)	97	94%	title	
P11918	耆老宴作	애상(sympathy)	56	38%	term	
P11919	○贈金僉知赴京	기증(donate)	97	94%	title	
P11920	方塘	회방(meet)	19	17%	term	
P11921	到漢江吟	유람(travel)	55	38%	title	악부/제영(확신↓)
P11922	贈南淸風	기증(donate)	97	94%	title	
P11923	柳監司景深挽	애상(sympathy)	96	94%	title	
P11924	贈韓僉正諸公	기증(donate)	97	94%	title	
P11925	金彦健挽	애상(sympathy)	90	94%	title	
P11926	親祭康陵。扈駕感吟。	애상(sympathy)	49	27%	term	
P11927	崔奉事挽	애상(sympathy)	96	94%	title, term	
P11928	司諫院契會圖	도화(picture)	63	52%	title	
P11929	贈圓沙彌	기증(donate)	97	94%	title	
P11930	贈僧絶句	기증(donate)	88	94%	title	
P11931	送載寧行	송별(farewell)	90	94%	title	악부/제영(확신↓)
P11932	贈朴訓導	기증(donate)	97	94%	title	
P11933	贈柳修撰成龍	기증(donate)	97	94%	title	
P11934	贈崔判決	기증(donate)	97	94%	title	
P11935	到高僉知第醉吟。	유람(travel)	69	52%	title	
P11936	受香向靖陵有感	유람(travel)	73	82%	title	
P11937	次許佐郞篈韻	애상(sympathy)	50	38%	term	
P11938	贈別崔牧赴公州二首	송별(farewell)	75	82%	title	제목보정
P11939	贈別崔牧赴公州二首 其二	송별(farewell)	74	82%	title, term	제목보정
P11940	次贈上人	기증(donate)	97	94%	title	
P11941	薇垣會飮	애상(sympathy)	39	14%	term	
P11942	贈林川	기증(donate)	97	94%	title	
P11943	三淸洞。玉堂同僚一會。	건물(structure)	53	38%	title	
P11944	贈別宋監司贊赴嶺南	송별(farewell)	75	82%	title	제목보정
P11945	醉書	-(-)	0	0%		신호 없음
P11946	醉書 其二	인물(person)	49	27%	term	
P11947	奉送致遠令公赴關西	송별(farewell)	97	94%	title	
P11948	贈僧	기증(donate)	87	94%	title	
P11949	贈僧 其二	기증(donate)	88	94%	title	
P11950	贈僧 其三	기증(donate)	88	94%	title	
P11951	生員 (趙元誠) 挽	애상(sympathy)	90	94%	title	
P11952	贈僧 二首	기증(donate)	86	94%	title	
P11953	贈僧 二首 其2	기증(donate)	88	94%	title	
P11954	金吾郞契會圖	도화(picture)	52	38%	title	
P11955	贈李寧	기증(donate)	97	94%	title	
P11956	謝友人趙正瑋送蓴	송별(farewell)	92	94%	title, term	
P11957	贈珠上人	기증(donate)	97	94%	title	
P11958	贈僧題日出庵	기증(donate)	88	94%	title	
P11959	次朱文公懷先壠韻	회고(reminiscence)	60	52%	title	
P11960	路中吟	유람(travel)	63	52%	title, term	악부/제영(확신↓)
P11961	偶吟	강해(water)	37	14%	term	악부/제영(확신↓)
P11962	偶吟	송별(farewell)	38	14%	term	악부/제영(확신↓)
P11963	過正因寺有感	유람(travel)	73	82%	title	
P11964	贈成和仲按成板谷允諧。大谷從子。	기증(donate)	97	94%	title	
P11965	贈僧惠訔甲申正月	기증(donate)	87	94%	title	
P11966	偶吟	불교(buddhism)	68	52%	term	악부/제영(확신↓)
P11967	贈子赴稷山	기증(donate)	97	94%	title	
P11968	送谷山倅	송별(farewell)	91	94%	title	
P11969	蕩春臺	건물(structure)	56	38%	title	
P11970	送許書狀篈赴京	송별(farewell)	97	94%	title	
P11971	東湖送別	송별(farewell)	97	94%	title	
P11972	次韻 尹，朴詩聞有魯陵之句。	불교(buddhism)	44	27%	term	
P11973	次韻亨庵	회방(meet)	45	27%	term	
P11974	出漢江吟	강해(water)	57	38%	title	악부/제영(확신↓)
P11975	次河西韻	한적(tranquility)	40	27%	term	
P11976	耆英會圖	도화(picture)	55	38%	title	
P11977	館伴契會圖癸酉春。遠接監郞廳幷二館伴都十七員。	도화(picture)	52	38%	title	
P11978	新康陵改補都監題名圖	도화(picture)	74	82%	title	
P11979	乙亥同甲契會圖	도화(picture)	56	38%	title	
P11980	挽洪三宰曇 詞	애상(sympathy)	96	94%	title, term	
P11981	哭柳眉巖	건물(structure)	55	38%	title	